tile_id,date processed,processed by,status,notes
MGRS-49QDF-0488-2020-01,,,,
MGRS-49QHG-0075-2020-04,,,,
MGRS-50RNN-0143-2020-02,,,,
MGRS-49QEF-0289-2020-01,,,,
MGRS-49QDE-0544-2020-01,,,,
MGRS-48QYM-0188-2020-01-1,,,,
MGRS-48QYM-0188-2020-01-2,,,,
MGRS-49REJ-0501-2020-01,,,,
MGRS-49QBG-0265-2020-01,,,,
MGRS-50RNP-0055-2020-02,,,,
MGRS-50RLS-0630-2020-02,,,,
MGRS-50RNP-0182-2020-01,,,,
MGRS-50RNN-0084-2020-02,,,,
MGRS-50RNQ-0010-2020-02,,,,
MGRS-48RWT-0571-2020-03,,,,
MGRS-49QFG-0454-2020-01,,,,
MGRS-50RLN-0151-2020-01,,,,
MGRS-48QZK-0651-2020-01,,,,
MGRS-48QYK-0570-2020-02,,,,
MGRS-50RPS-0211-2020-01,,,,
MGRS-50SPD-0351-2020-02,,,,
MGRS-47RQK-0193-2020-01,,,,
MGRS-48SXA-0082-2020-05,,,,
MGRS-50RMN-0668-2020-01,,,,
MGRS-50RQQ-0472-2020-01,,,,
MGRS-50RNP-0683-2020-01,,,,
MGRS-50RKU-0542-2020-01,,,,
MGRS-50RNN-0167-2020-02,,,,
MGRS-47RNL-0335-2020-01,,,,
MGRS-50RQQ-0414-2020-01,,,,
MGRS-49QGF-0051-2020-02,,,,
MGRS-50RNP-0140-2020-01-1,,,,
MGRS-50RNP-0140-2020-01-2,,,,
MGRS-50RNP-0140-2020-01-3,,,,
MGRS-50RNT-0088-2020-02,,,,
MGRS-50RPP-0766-2020-01,,,,
MGRS-47RMJ-0222-2020-01,,,,
MGRS-50QKM-0057-2020-04,,,,
MGRS-50QKM-0039-2020-04,,,,
MGRS-50RKU-0510-2020-01,,,,
MGRS-50RPS-0210-2020-01,,,,
MGRS-49REH-0278-2020-01,,,,
MGRS-51STS-0255-2020-02-1,,,,
MGRS-51STS-0255-2020-02-2,,,,
MGRS-50RKU-0482-2020-01,,,,
MGRS-47RQK-0192-2020-01,,,,
MGRS-50RMN-0388-2020-01,,,,
MGRS-50RKU-0572-2020-01,,,,
MGRS-49REH-0081-2020-01,,,,
MGRS-50RPS-0218-2020-01,,,,
MGRS-51TYJ-0103-2020-05,,,,
MGRS-50RNQ-0324-2020-03,,,,
MGRS-49RGL-0086-2020-02,,,,
MGRS-51STS-0277-2020-02,,,,
MGRS-48QZK-0663-2020-01,,,,
MGRS-46RCT-0419-2020-01,,,,
MGRS-50RNU-0231-2020-02,,,,
MGRS-50RNP-0408-2020-01,,,,
MGRS-49RGH-0595-2020-01,,,,
MGRS-50RPS-0186-2020-01-1,,,,
MGRS-50RPS-0186-2020-01-2,,,,
MGRS-50RMS-0168-2020-04,,,,
MGRS-49QDF-0010-2020-01-1,,,,
MGRS-49QDF-0010-2020-01-2,,,,
MGRS-49QHG-0081-2020-04,,,,
MGRS-50RNP-0030-2020-02,,,,
MGRS-49QHG-0045-2020-04,,,,
MGRS-49QGE-0546-2020-01,,,,
MGRS-50RNP-0136-2020-01,,,,
MGRS-49QBG-0035-2020-01,,,,
MGRS-48RYR-0212-2020-02,,,,
MGRS-51UWP-0075-2020-11,,,,
MGRS-49QFE-0597-2020-02,,,,
MGRS-47RNJ-0287-2020-02,,,,
MGRS-50RKQ-0299-2020-01-1,,,,
MGRS-50RKQ-0299-2020-01-2,,,,
MGRS-50RNQ-0276-2020-03,,,,
MGRS-51UVP-0279-2020-01,,,,
MGRS-48SVE-0004-2020-06,,,,
MGRS-50RKP-0268-2020-02,,,,
MGRS-49QDG-0180-2020-02-1,,,,
MGRS-49QDG-0180-2020-02-2,,,,
MGRS-50RNP-0608-2020-01,,,,
MGRS-48RYQ-0136-2020-02,,,,
MGRS-50RPP-0659-2020-01,,,,
MGRS-50QKM-0064-2020-04,,,,
MGRS-49QDF-0487-2020-01,,,,
MGRS-49RDJ-0184-2020-02,,,,
MGRS-50RNP-0114-2020-01,,,,
MGRS-50RNN-0034-2020-02,,,,
MGRS-50RNN-0151-2020-02,,,,
MGRS-50RKP-0314-2020-02,,,,
MGRS-50RQT-0750-2020-01,,,,
MGRS-50RQT-0738-2020-01-1,,,,
MGRS-50RQT-0738-2020-01-2,,,,
MGRS-48STF-0016-2020-03,,,,
MGRS-48STF-0223-2020-03-1,,,,
MGRS-48STF-0223-2020-03-2,,,,
MGRS-51RTP-0679-2020-01,,,,
MGRS-50RQT-0275-2020-01,,,,
MGRS-50RQT-0782-2020-01-1,,,,
MGRS-50RQT-0782-2020-01-2,,,,
MGRS-50RQT-0782-2020-01-3,,,,
MGRS-50RQT-0782-2020-01-4,,,,
MGRS-51RTP-0711-2020-01,,,,
MGRS-50RQT-0081-2020-01,,,,
MGRS-50RQT-0713-2020-01,,,,
MGRS-51RTP-1091-2020-01,,,,
MGRS-50RQT-0599-2020-01-1,,,,
MGRS-50RQT-0599-2020-01-2,,,,
MGRS-50RQT-0421-2020-01,,,,
MGRS-48SVA-0329-2020-01,,,,
MGRS-48RVV-0172-2020-01,,,,
MGRS-48RWN-0197-2020-01,,,,
MGRS-48RWS-0286-2020-01,,,,
MGRS-48QUL-0217-2020-01,,,,
MGRS-48RWN-0113-2020-01,,,,
MGRS-49QBG-0269-2020-01,,,,
MGRS-50TQK-0333-2020-01,,,,
MGRS-48RWT-0362-2020-03,,,,
MGRS-49RDH-0006-2020-02,,,,
MGRS-50TQL-0246-2020-01,,,,
MGRS-48SUF-0079-2020-01,,,,
MGRS-48RVU-0783-2020-03,,,,
MGRS-48RVV-0083-2020-01,,,,
MGRS-50TKK-0648-2020-01,,,,
MGRS-48RVV-0294-2020-01,,,,
MGRS-48RVV-0005-2020-01,,,,
MGRS-50SPA-0453-2020-03,,,,
MGRS-48SVA-0382-2020-01,,,,
MGRS-48SVA-0256-2020-01,,,,
MGRS-48RVU-0781-2020-03,,,,
MGRS-48RVU-0736-2020-03,,,,
MGRS-48RTU-0041-2020-01,,,,
MGRS-49SFD-0236-2020-08,,,,
MGRS-50SKB-0212-2020-03-1,,,,
MGRS-50SKB-0212-2020-03-2,,,,
MGRS-47RRH-0401-2020-01,,,,
MGRS-48RZN-0321-2020-01,,,,
MGRS-48RXQ-0032-2020-01-1,,,,
MGRS-48RXQ-0032-2020-01-2,,,,
MGRS-49REP-0152-2020-01-1,,,,
MGRS-49REP-0152-2020-01-2,,,,
MGRS-50SME-0325-2020-01-1,,,,
MGRS-50SME-0325-2020-01-2,,,,
MGRS-50SME-0523-2020-01,,,,
MGRS-49SEB-0184-2020-01,,,,
MGRS-49SDV-0235-2020-01,,,,
MGRS-50SKG-0514-2020-01,,,,
MGRS-50RNT-0623-2020-01-1,,,,
MGRS-50RNT-0623-2020-01-2,,,,
MGRS-50RNT-0623-2020-01-3,,,,
MGRS-48RXQ-0571-2020-01,,,,
MGRS-48RXQ-0139-2020-01,,,,
MGRS-48RXT-0604-2020-01,,,,
MGRS-51TYJ-0421-2020-01,,,,
MGRS-47SKB-0153-2020-01,,,,
MGRS-50TPK-0592-2020-01,,,,
MGRS-51TYM-0031-2020-01-1,,,,
MGRS-51TYM-0031-2020-01-2,,,,
MGRS-51TYM-0031-2020-01-3,,,,
MGRS-50SNE-0333-2020-01,,,,
MGRS-48SXG-0114-2020-01,,,,
MGRS-49SEB-0081-2020-01,,,,
MGRS-51TTG-0326-2020-01,,,,
MGRS-49REP-0129-2020-01,,,,
MGRS-50SME-0501-2020-01,,,,
MGRS-49SFD-0339-2020-08-1,,,,
MGRS-49SFD-0339-2020-08-2,,,,
MGRS-49SGT-0230-2020-01,,,,
MGRS-49REP-0309-2020-01,,,,
MGRS-50SNE-0113-2020-01,,,,
MGRS-50RKU-0117-2020-01-1,,,,
MGRS-48RXQ-0432-2020-01,,,,
MGRS-51UWV-0026-2020-01,,,,
MGRS-48QXM-0625-2020-02,,,,
MGRS-49SCU-0314-2020-01-1,,,,
MGRS-49SCU-0314-2020-01-2,,,,
MGRS-50RQT-0714-2020-01,,,,
MGRS-48RXV-0039-2020-01,,,,
MGRS-48RXQ-0683-2020-01-,,,,
MGRS-49SFD-0106-2020-08,,,,
MGRS-49QEE-0259-2020-01,,,,
MGRS-49SFD-0340-2020-08,,,,
MGRS-49SGU-0898-2020-04,,,,
MGRS-49REP-0497-2020-01,,,,
MGRS-48RXT-0545-2020-01,,,,
MGRS-50TMK-1114-2020-01-1,,,,
MGRS-50TMK-1114-2020-01-2,,,,
MGRS-50TMK-1114-2020-01-3,,,,
MGRS-49QCG-0367-2020-01,,,,
MGRS-48RTU-0395-2020-01,,,,
MGRS-48RXT-1058-2020-01,,,,
MGRS-49SFS-0203-2020-01-1,,,,
MGRS-49SFS-0203-2020-01-2,,,,
MGRS-49SFS-0203-2020-01-3,,,,
MGRS-51TUJ-0230-2020-01,,,,
MGRS-49SFD-0391-2020-08,,,,
MGRS-50SKH-0649-2020-01-1,,,,
MGRS-50SKH-0649-2020-01-2,,,,
MGRS-50SKH-0649-2020-01-3,,,,
MGRS-48RVP-0118-2020-01-1,,,,
MGRS-48RVP-0118-2020-01-2,,,,
MGRS-48RVP-0118-2020-01-3,,,,
MGRS-48RTS-0231-2020-04,,,,
MGRS-50TPK-0415-2020-01,,,,
MGRS-50SKE-0132-2020-01,,,,
MGRS-48RXT-0974-2020-01,,,,
MGRS-49SCU-0967-2020-01,,,,
MGRS-52TCP-0087-2020-02-1,,,,
MGRS-49RFJ-0077-2020-02,,,,
MGRS-48QUL-0259-2020-01,,,,
MGRS-48RTS-0464-2020-04,,,,
MGRS-49SDV-0174-2020-01,,,,
MGRS-49RCH-0615-2020-01,,,,
MGRS-44TNP-0154-2020-12,,,,
MGRS-49SGU-1051-2020-04,,,,
MGRS-48RXV-0415-2020-01,,,,
MGRS-50SLB-0555-2020-02,,,,
MGRS-48SYG-0042-2020-02-1,,,,
MGRS-48SYG-0042-2020-02-2,,,,
MGRS-48SYG-0042-2020-02-3,,,,
MGRS-50TQM-0465-2020-01,,,,
MGRS-48RVV-0084-2020-01,,,,
MGRS-49SCU-0338-2020-01,,,,
MGRS-49RCH-0642-2020-01,,,,
MGRS-50SKB-0119-2020-03-1,,,,
MGRS-48QZL-0447-2020-01,,,,
MGRS-50SME-0026-2020-01,,,,
MGRS-50TPK-0176-2020-01,,,,
MGRS-48RTS-0073-2020-04,,,,
MGRS-48RWQ-0038-2020-02-1,,,,
MGRS-48RWQ-0038-2020-02-2,,,,
MGRS-49REP-0356-2020-01-1,,,,
MGRS-49REP-0356-2020-01-2,,,,
MGRS-49REP-0356-2020-01-3,,,,
MGRS-50SKH-0878-2020-01-1,,,,
MGRS-50SKH-0878-2020-01-2,,,,
MGRS-49SGU-0461-2020-04,,,,
MGRS-47TME-0207-2020-01-1,,,,
MGRS-47TME-0207-2020-01-2,,,,
MGRS-49SCU-0747-2020-01-2,,,,
MGRS-49SCU-0747-2020-01-3,,,,
MGRS-49SCU-0747-2020-01-1,,,,
MGRS-47SMD-0074-2020-01,,,,
MGRS-51TVE-0203-2020-01-1,,,,
MGRS-51TVE-0203-2020-01-2,,,,
MGRS-51TVE-0203-2020-01-3,,,,
MGRS-50TNM-0321-2020-01,,,,
MGRS-48RYV-0409-2020-01,,,,
MGRS-47RRH-0303-2020-01,,,,
MGRS-47RRH-0141-2020-01,,,,
MGRS-50SME-0120-2020-01-1,,,,
MGRS-50SME-0120-2020-01-2,,,,
MGRS-49REP-0405-2020-01-1,,,,
MGRS-49REP-0405-2020-01-2,,,,
MGRS-49RCL-0384-2020-01,,,,
MGRS-48RXQ-0060-2020-01,,,,
MGRS-48RXQ-0105-2020-01,,,,
MGRS-49QBB-0282-2020-01,,,,
MGRS-45TXK-0057-2020-02,,,,
MGRS-50TQM-0411-2020-01,,,,
MGRS-50SKB-0204-2020-03-1,,,,
MGRS-50SKB-0204-2020-03-2,,,,
MGRS-50SKB-0204-2020-03-3,,,,
MGRS-51TYM-0041-2020-01,,,,
MGRS-51TTG-0448-2020-01,,,,
MGRS-48RXT-0632-2020-01-1,,,,
MGRS-48RXT-0632-2020-01-2,,,,
MGRS-49RCH-0632-2020-01,,,,
MGRS-47RPH-0196-2020-01,,,,
MGRS-50SNE-0334-2020-01,,,,
MGRS-48RXR-0309-2020-02,,,,
MGRS-50SMF-0701-2020-03-1,,,,
MGRS-50SMF-0701-2020-03-2,,,,
MGRS-47RRH-0374-2020-01,,,,
MGRS-48QZL-0086-2020-01,,,,
MGRS-48RTU-0361-2020-01,,,,
MGRS-48QZL-0365-2020-01,,,,
MGRS-49RFJ-0100-2020-02,,,,
MGRS-48SUE-0888-2020-01,,,,
MGRS-50TMK-0673-2020-01,,,,
MGRS-49SGT-0006-2020-01,,,,
MGRS-48RXN-0184-2020-01,,,,
MGRS-48RXQ-0271-2020-01,,,,
MGRS-48RTT-0128-2020-01,,,,
MGRS-49SCU-0315-2020-01-1,,,,
MGRS-49SCU-0315-2020-01-2,,,,
MGRS-50SKD-0440-2020-03-1,,,,
MGRS-50SKD-0440-2020-03-2,,,,
MGRS-50TMK-0710-2020-01,,,,
MGRS-45TXK-0053-2020-02,,,,
MGRS-51UXR-0040-2020-01,,,,
MGRS-48SXG-0704-2020-01,,,,
MGRS-49SGT-0068-2020-01,,,,
MGRS-48SUE-0439-2020-01,,,,
MGRS-48RTU-0396-2020-01,,,,
MGRS-50SME-0597-2020-01,,,,
MGRS-49TGF-0467-2020-01,,,,
MGRS-49SBT-0009-2020-01-1,,,,
MGRS-49SBT-0009-2020-01-2,,,,
MGRS-49TEF-0199-2020-01,,,,
MGRS-49SCC-0305-2020-02,,,,
MGRS-51TVE-0019-2020-01,,,,
MGRS-50SKD-0004-2020-05,,,,
MGRS-48RXQ-0116-2020-01-1,,,,
MGRS-48RXQ-0116-2020-01-2,,,,
MGRS-50SMG-0262-2020-02,,,,
MGRS-49SFS-0806-2020-01,,,,
MGRS-49RCH-0616-2020-01-1,,,,
MGRS-49RCH-0616-2020-01-2,,,,
MGRS-49SED-0248-2020-01,,,,
MGRS-48RXQ-0457-2020-01,,,,
MGRS-50SNE-0075-2020-01-1,,,,
MGRS-50SNE-0075-2020-01-2,,,,
MGRS-45TYH-0270-2020-01,,,,
MGRS-50SKG-0193-2020-01,,,,
MGRS-49SFS-0059-2020-01-1,,,,
MGRS-49SFS-0059-2020-01-2,,,,
MGRS-49REP-0496-2020-01,,,,
MGRS-50TMK-0778-2020-01,,,,
MGRS-46TEM-0021-2020-01,,,,
MGRS-49SGU-0596-2020-04-1,,,,
MGRS-49SGU-0596-2020-04-2,,,,
MGRS-49SGU-0596-2020-04-3,,,,
MGRS-49SGB-0208-2020-01,,,,
MGRS-48RVV-0171-2020-01-1,,,,
MGRS-48RVV-0171-2020-01-2,,,,
MGRS-50RNT-0550-2020-01,,,,
MGRS-50SKE-0371-2020-01,,,,
MGRS-49SFS-0217-2020-01,,,,
MGRS-50SKE-0191-2020-01-1,,,,
MGRS-50SKE-0191-2020-01-2,,,,
MGRS-49SCC-0264-2020-02,,,,
MGRS-49RBP-0297-2020-01,,,,
MGRS-49SDV-0045-2020-01,,,,
MGRS-52TEN-0166-2020-01,,,,
MGRS-51RUQ-0184-2020-01,,,,
MGRS-49QBF-0113-2020-01,,,,
MGRS-51TVE-0015-2020-01,,,,
MGRS-49REP-0115-2020-01-1,,,,
MGRS-49REP-0115-2020-01-2,,,,
MGRS-49REP-0115-2020-01-3,,,,
MGRS-49REP-0115-2020-01-4,,,,
MGRS-50SME-0746-2020-01,,,,
MGRS-49TEF-0078-2020-01,,,,
MGRS-50SNE-0394-2020-01,,,,
MGRS-51UWS-0204-2020-01,,,,
MGRS-50SME-0971-2020-01,,,,
MGRS-50SNE-0259-2020-01,,,,
MGRS-48SXJ-0163-2020-01-1,,,,
MGRS-48SXJ-0163-2020-01-2,,,,
MGRS-51TYJ-0262-2020-05,,,,
MGRS-46RBT-0028-2020-01-1,,,,
MGRS-46RBT-0028-2020-01-2,,,,
MGRS-51SUD-0271-2020-01-2,,,,
MGRS-51SUD-0271-2020-01-1,,,,
MGRS-49RCM-0427-2020-01,,,,
MGRS-46SFE-0038-2020-02,,,,
MGRS-49SGU-1013-2020-04,,,,
MGRS-48QTM-0150-2020-01,,,,
MGRS-48SXG-0099-2020-01,,,,
MGRS-50SNF-0236-2020-02,,,,
MGRS-50SQG-0125-2020-01,,,,
MGRS-49SEU-0400-2020-01,,,,
MGRS-48RUV-0203-2020-01,,,,
MGRS-45TXJ-0022-2020-04,,,,
MGRS-50SMJ-0176-2020-01,,,,
MGRS-48RUV-0165-2020-01,,,,
MGRS-50RPS-0195-2020-01-1,,,,
MGRS-50RPS-0195-2020-01-2,,,,
MGRS-49RBN-0145-2020-01,,,,
MGRS-51SUD-0157-2020-01,,,,
MGRS-48RWQ-0328-2020-01,,,,
MGRS-49RCM-0165-2020-01,,,,
MGRS-49QGF-0169-2020-01,,,,
MGRS-49RCP-0141-2020-04,,,,
MGRS-46TFK-0138-2020-01,,,,
MGRS-50RMN-0333-2020-01-1,,,,
MGRS-50RMN-0333-2020-01-2,,,,
MGRS-49SDD-0717-2020-06,,,,
MGRS-49SGS-0259-2020-03,,,,
MGRS-49QCG-0130-2020-01,,,,
MGRS-50SKA-0125-2020-01,,,,
MGRS-48RYT-0485-2020-01,,,,
MGRS-49SDD-0779-2020-06,,,,
MGRS-48RXR-0254-2020-02,,,,
MGRS-48SWG-0070-2020-01,,,,
MGRS-50RPV-0106-2020-01,,,,
MGRS-48RUU-0206-2020-01,,,,
MGRS-49RGH-0279-2020-01,,,,
MGRS-49SEV-0634-2020-01,,,,
MGRS-49SEV-0607-2020-01,,,,
MGRS-50SKE-0538-2020-01,,,,
MGRS-51TWG-0234-2020-08,,,,
MGRS-49QHG-0062-2020-04,,,,
MGRS-48RXR-0186-2020-02,,,,
MGRS-49SDS-0131-2020-03,,,,
MGRS-48RXR-0472-2020-02,,,,
MGRS-49SDD-0702-2020-06,,,,
MGRS-48SWG-0072-2020-01,,,,
MGRS-51TWG-0595-2020-08,,,,
MGRS-49RGN-0473-2020-01,,,,
MGRS-48RXR-0360-2020-02,,,,
MGRS-50SKE-0190-2020-01,,,,
MGRS-49SEV-0555-2020-01,,,,
MGRS-49SDD-0562-2020-06,,,,
MGRS-50SND-0169-2020-01,,,,
MGRS-49SDD-0418-2020-06,,,,
MGRS-48RXU-0639-2020-01,,,,
MGRS-49QDC-0206-2020-01,,,,
MGRS-49SDD-0763-2020-06,,,,
MGRS-49SGV-0690-2020-02,,,,
MGRS-49SDD-0349-2020-06,,,,
MGRS-49SDD-0547-2020-06,,,,
MGRS-49RGH-0610-2020-01,,,,
MGRS-51TVH-0135-2020-05,,,,
MGRS-48RXR-0345-2020-02,,,,
MGRS-45TUK-0141-2020-03,,,,
MGRS-52TCT-0483-2020-01,,,,
MGRS-49QCG-0458-2020-01,,,,
MGRS-51RTQ-1119-2020-01,,,,
MGRS-51TWG-0163-2020-08,,,,
MGRS-49RGN-0146-2020-01,,,,
MGRS-48RXR-0114-2020-02,,,,
MGRS-49QDD-0117-2020-01,,,,
MGRS-50SND-0193-2020-01,,,,
MGRS-49SDD-0064-2020-06,,,,
MGRS-48SWG-0060-2020-01,,,,
MGRS-49SEV-0206-2020-01,,,,
MGRS-49SEV-0602-2020-01,,,,
MGRS-49SES-0191-2020-01,,,,
MGRS-49SDD-0581-2020-06,,,,
MGRS-49SDD-0455-2020-06,,,,
MGRS-50SMH-0086-2020-01,,,,
MGRS-50SKE-0874-2020-01,,,,
MGRS-50TNK-0504-2020-02,,,,
MGRS-47RRH-0427-2020-01,,,,
MGRS-49SDC-0219-2020-02,,,,
MGRS-50RNS-0273-2020-01,,,,
MGRS-49TEE-0432-2020-01,,,,
MGRS-48RWT-0164-2020-01,,,,
MGRS-51TXH-0126-2020-02,,,,
MGRS-49SCC-0265-2020-02,,,,
MGRS-49QEE-0183-2020-01,,,,
MGRS-50RLT-0017-2020-02,,,,
MGRS-48RTN-0808-2020-01,,,,
MGRS-48SWH-0459-2020-01,,,,
MGRS-50TNL-0281-2020-03,,,,
MGRS-49SFT-0123-2020-01,,,,
MGRS-49SFT-0204-2020-01,,,,
MGRS-50RMU-0250-2020-01,,,,
MGRS-49SDC-0242-2020-02,,,,
MGRS-49SCB-0210-2020-01,,,,
MGRS-50TNK-0050-2020-02,,,,
MGRS-49SFA-0100-2020-01,,,,
MGRS-50SMA-0189-2020-01,,,,
MGRS-48RTN-0152-2020-01,,,,
MGRS-50TNK-0041-2020-02,,,,
MGRS-49SFT-0031-2020-01,,,,
MGRS-50TNK-0542-2020-02,,,,
MGRS-48SWH-0457-2020-01,,,,
MGRS-50TPL-0356-2020-04,,,,
MGRS-49SCB-0188-2020-01,,,,
MGRS-49SCC-0285-2020-02,,,,
MGRS-48SWH-0025-2020-02,,,,
MGRS-50RLU-0590-2020-01,,,,
MGRS-49QEE-0068-2020-01,,,,
MGRS-50TNK-0546-2020-02,,,,
MGRS-49SFT-0413-2020-01,,,,
MGRS-50TNL-0139-2020-03,,,,
MGRS-44SMG-0003-2020-01,,,,
MGRS-48RWQ-0093-2020-01,,,,
MGRS-49SCC-0263-2020-02-2,,,,
MGRS-49SCC-0263-2020-02-1,,,,
MGRS-47SQA-0217-2020-01,,,,
MGRS-50RLU-0684-2020-01-1,,,,
MGRS-50RLU-0684-2020-01-2,,,,
MGRS-47RRH-0289-2020-01,,,,
MGRS-49QDG-0178-2020-02-2,,,,
MGRS-49QDG-0178-2020-02-1,,,,
MGRS-48RTN-0172-2020-01,,,,
MGRS-49SGV-0444-2020-02,,,,
MGRS-49RBM-0093-2020-01,,,,
MGRS-49SGV-0528-2020-02,,,,
MGRS-50RNN-0091-2020-01,,,,
MGRS-48RXR-0400-2020-02,,,,
MGRS-48RTN-0481-2020-01,,,,
MGRS-50TNL-0323-2020-03,,,,
MGRS-48SWH-0438-2020-01,,,,
MGRS-50RLU-0588-2020-01,,,,
MGRS-50TNK-0550-2020-02,,,,
MGRS-49SFA-0275-2020-01,,,,
MGRS-50TNK-0549-2020-02-2,,,,
MGRS-50TNK-0549-2020-02-1,,,,
MGRS-49SGV-0016-2020-02,,,,
MGRS-50RLU-0292-2020-01,,,,
MGRS-48RWQ-0717-2020-01,,,,
MGRS-49SGV-0199-2020-02-2,,,,
MGRS-49SGV-0199-2020-02-1,,,,
MGRS-50TNL-0048-2020-03,,,,
MGRS-49SCC-0307-2020-02,,,,
MGRS-49TCF-0124-2020-01,,,,
MGRS-50RLS-0730-2020-02,,,,
MGRS-49RBM-0083-2020-01,,,,
MGRS-47SQA-0315-2020-01,,,,
MGRS-49SFR-0629-2020-01,,,,
MGRS-48RTN-0333-2020-01,,,,
MGRS-49SFT-0168-2020-01,,,,
MGRS-49SCC-0468-2020-02,,,,
MGRS-47SQA-0339-2020-01,,,,
MGRS-49TCF-0373-2020-01,,,,
MGRS-49SFT-0436-2020-01,,,,
MGRS-48SWH-0135-2020-01,,,,
MGRS-48SWH-0270-2020-01,,,,
MGRS-47SQV-0369-2020-01,,,,
MGRS-44TNQ-0092-2020-02,,,,
MGRS-48RXR-0266-2020-02,,,,
MGRS-49RCK-0217-2020-01,,,,
MGRS-49RCK-0019-2020-01,,,,
MGRS-49SFA-0354-2020-01,,,,
MGRS-47RRH-0147-2020-01,,,,
MGRS-49SCC-0318-2020-02,,,,
MGRS-50RNS-0344-2020-01,,,,
MGRS-49SDC-0317-2020-02,,,,
MGRS-47RRH-0732-2020-01,,,,
MGRS-47SQA-0290-2020-01,,,,
MGRS-48RXT-0575-2020-01,,,,
MGRS-48QVM-0308-2020-01,,,,
MGRS-50TPL-0300-2020-04,,,,
MGRS-49TEE-0448-2020-01,,,,
MGRS-50RQV-0428-2020-01-1,,,,
MGRS-50RQV-0428-2020-01-2,,,,
MGRS-52TDN-0157-2020-03,,,,
MGRS-50RQU-0708-2020-01,,,,
MGRS-50RQV-0293-2020-01-1,,,,
MGRS-50RQV-0293-2020-01-2,,,,
MGRS-48SWA-0311-2020-01,,,,
MGRS-51TVM-0168-2020-01,,,,
MGRS-48SWD-0451-2020-01,,,,
MGRS-48QZM-0088-2020-01,,,,
MGRS-51TWF-0165-2020-02,,,,
MGRS-48SWD-0541-2020-01,,,,
MGRS-51TUG-0191-2020-04,,,,
MGRS-49SCR-0069-2020-01,,,,
MGRS-43SED-0067-2020-01,,,,
MGRS-48QZM-0255-2020-01,,,,
MGRS-47QPF-0095-2020-01,,,,
MGRS-49TDG-0121-2020-01,,,,
MGRS-50RQV-0576-2020-01,,,,
MGRS-50SKF-0399-2020-03,,,,
MGRS-51TWF-0161-2020-02,,,,
MGRS-44TNP-0004-2020-12,,,,
MGRS-50SPJ-0093-2020-03,,,,
MGRS-50SLJ-0473-2020-05,,,,
MGRS-51TTF-0084-2020-01,,,,
MGRS-50RQV-0334-2020-01,,,,
MGRS-50RQV-0073-2020-01,,,,
MGRS-49RBH-0258-2020-01,,,,
MGRS-49SFU-0643-2020-01,,,,
MGRS-50RQV-0550-2020-01,,,,
MGRS-50SKG-0518-2020-01,,,,
MGRS-45TWJ-0136-2020-01,,,,
MGRS-49SGA-0366-2020-02,,,,
MGRS-48RYU-0255-2020-01,,,,
MGRS-49SFC-0361-2020-06,,,,
MGRS-48RXR-0113-2020-02,,,,
MGRS-50SKE-0600-2020-01,,,,
MGRS-48QZM-0073-2020-01,,,,
MGRS-48RUR-0251-2020-02,,,,
MGRS-50RQT-0783-2020-01,,,,
MGRS-48SYC-0298-2020-01,,,,
MGRS-50SLJ-0084-2020-05,,,,
MGRS-50SPE-0395-2020-01,,,,
MGRS-48SYC-0120-2020-01,,,,
MGRS-48SXD-0356-2020-06,,,,
MGRS-50SNF-0101-2020-01,,,,
MGRS-48RWP-0162-2020-01,,,,
MGRS-43SFC-0029-2020-01,,,,
MGRS-50SKJ-0692-2020-01,,,,
MGRS-45UVP-0118-2020-01,,,,
MGRS-50RQU-0621-2020-01,,,,
MGRS-48SWC-0508-2020-01,,,,
MGRS-49RBK-0325-2020-01,,,,
MGRS-48SXB-0076-2020-01,,,,
MGRS-49SGU-0779-2020-04,,,,
MGRS-51TXH-0057-2020-01,,,,
MGRS-49RBK-0316-2020-01,,,,
MGRS-44TNP-0028-2020-12,,,,
MGRS-48SVD-0313-2020-03,,,,
MGRS-50TPK-0446-2020-01,,,,
MGRS-48RUR-0174-2020-02-1,,,,
MGRS-48RUR-0174-2020-02-2,,,,
MGRS-48SWG-0320-2020-01,,,,
MGRS-48RVQ-0733-2020-01,,,,
MGRS-48RYQ-0073-2020-01,,,,
MGRS-50SPF-0695-2020-01,,,,
MGRS-52TET-0185-2020-01,,,,
MGRS-50RQU-0687-2020-01,,,,
MGRS-51TWF-0541-2020-02,,,,
MGRS-50SKE-0011-2020-01,,,,
MGRS-51SUB-0172-2020-01-1,,,,
MGRS-51SUB-0172-2020-01-2,,,,
MGRS-48SVB-0201-2020-01,,,,
MGRS-49SFB-0046-2020-09,,,,
MGRS-52TCR-0053-2020-03,,,,
MGRS-49SGB-0737-2020-01,,,,
MGRS-49SDV-0529-2020-01,,,,
MGRS-49SFU-0816-2020-01,,,,
MGRS-49SFU-0855-2020-01,,,,
MGRS-49SGA-0211-2020-02,,,,
MGRS-50TPK-0441-2020-01,,,,
MGRS-50SLJ-0362-2020-05,,,,
MGRS-49RCL-0168-2020-01,,,,
MGRS-50SKG-0003-2020-01,,,,
MGRS-50SPE-0349-2020-01,,,,
MGRS-49REQ-0206-2020-01,,,,
MGRS-50RQT-0737-2020-01,,,,
MGRS-52TCR-0227-2020-03,,,,
MGRS-49SBR-0126-2020-01,,,,
MGRS-48RVN-0003-2020-01,,,,
MGRS-49SGB-0048-2020-01,,,,
MGRS-48RVS-0806-2020-01,,,,
MGRS-48RYQ-0085-2020-01,,,,
MGRS-50SKE-0616-2020-01,,,,
MGRS-48SVF-0460-2020-01,,,,
MGRS-50RKU-0653-2020-01,,,,
MGRS-51TWF-0184-2020-02,,,,
MGRS-50RQV-0599-2020-01,,,,
MGRS-50RQU-0695-2020-01,,,,
MGRS-49TFE-0496-2020-03,,,,
MGRS-49TFE-0667-2020-03,,,,
MGRS-50TPK-0410-2020-01,,,,
MGRS-49SGB-0709-2020-01,,,,
MGRS-51SUB-0207-2020-01,,,,
MGRS-46SFJ-0075-2020-01,,,,
MGRS-49SFU-0752-2020-01,,,,
MGRS-51SVD-0060-2020-01,,,,
MGRS-48SWG-0297-2020-01,,,,
MGRS-51TWF-0313-2020-02,,,,
MGRS-51TWF-0133-2020-02,,,,
MGRS-51TWF-0214-2020-02,,,,
MGRS-49SBU-0232-2020-02,,,,
MGRS-51TWF-0160-2020-02,,,,
MGRS-49SFU-0488-2020-01,,,,
MGRS-50SPF-0395-2020-01,,,,
MGRS-43SED-0138-2020-01,,,,
MGRS-50RQV-0953-2020-01,,,,
MGRS-50RQU-0729-2020-01,,,,
MGRS-50RQU-0486-2020-01,,,,
MGRS-50SNC-0329-2020-01,,,,
MGRS-48SWG-0343-2020-01,,,,
MGRS-48RWS-0364-2020-03,,,,
MGRS-49SFU-0084-2020-01,,,,
MGRS-50RQV-0621-2020-01,,,,
MGRS-52TEQ-0497-2020-03,,,,
MGRS-51TYJ-0406-2020-01,,,,
MGRS-50RQV-0261-2020-01,,,,
MGRS-51TWF-0249-2020-02,,,,
MGRS-49SBU-0258-2020-02,,,,
MGRS-51TYL-0125-2020-01,,,,
MGRS-47RQP-0315-2020-01,,,,
MGRS-50SNF-0164-2020-01,,,,
MGRS-47RPK-0267-2020-01,,,,
MGRS-48RVS-0543-2020-01,,,,
MGRS-50SLJ-0449-2020-05,,,,
MGRS-48SWG-0321-2020-01,,,,
MGRS-47QRG-0275-2020-01,,,,
MGRS-48RUP-0048-2020-05,,,,
MGRS-50RQV-0579-2020-01,,,,
MGRS-50RQV-0104-2020-01,,,,
MGRS-47QRG-0473-2020-01,,,,
MGRS-48RUP-0462-2020-05-1,,,,
MGRS-48RUP-0462-2020-05-2,,,,
MGRS-50TPK-0591-2020-01-1,,,,
MGRS-50TPK-0591-2020-01-2,,,,
MGRS-50TPK-0591-2020-01-3,,,,
MGRS-48SWG-0131-2020-02,,,,
MGRS-48RUR-0023-2020-02,,,,
MGRS-50RQV-0733-2020-01,,,,
MGRS-49SER-0003-2020-02,,,,
MGRS-44SMF-0049-2020-01,,,,
MGRS-47SPA-0039-2020-01,,,,
MGRS-50SKF-0097-2020-03,,,,
MGRS-49SBU-0199-2020-02,,,,
MGRS-49SGU-0633-2020-04,,,,
MGRS-50RLP-0117-2020-01,,,,
MGRS-50RLP-0225-2020-01,,,,
MGRS-49RGJ-0217-2020-03,,,,
MGRS-49QCF-0328-2020-01,,,,
MGRS-48RXQ-0535-2020-01,,,,
MGRS-50QKM-0020-2020-01,,,,
MGRS-51RTQ-0722-2020-01,,,,
MGRS-51RTP-0972-2020-01,,,,
MGRS-51RTP-0073-2020-01,,,,
MGRS-49RGJ-0233-2020-03,,,,
MGRS-50RLU-0558-2020-01,,,,
MGRS-51RTP-0167-2020-01,,,,
MGRS-49RFP-0104-2020-01,,,,
MGRS-51RTQ-0754-2020-01,,,,
MGRS-48RXQ-0482-2020-01,,,,
MGRS-50RMU-0047-2020-02,,,,
MGRS-50RLT-0018-2020-02,,,,
MGRS-48RXQ-0682-2020-01,,,,
MGRS-49RGJ-0212-2020-03,,,,
MGRS-49RDH-0645-2020-02,,,,
MGRS-51STR-0678-2020-01,,,,
MGRS-51STR-0696-2020-01,,,,
MGRS-51STR-0579-2020-01,,,,
MGRS-51RTP-1070-2020-01,,,,
MGRS-51RTP-0602-2020-01,,,,
MGRS-49REL-0152-2020-01,,,,
MGRS-49SFU-0096-2020-05,,,,
MGRS-44SLG-0219-2020-05,,,,
MGRS-48RWS-0130-2020-03,,,,
MGRS-51STR-0874-2020-01,,,,
MGRS-51RTP-0141-2020-01,,,,
MGRS-51RTP-0859-2020-01,,,,
MGRS-44SLG-0178-2020-05,,,,
MGRS-51RTP-0536-2020-01,,,,
MGRS-51RTP-0662-2020-01,,,,
MGRS-50SNB-0011-2020-04,,,,
MGRS-48RWS-0061-2020-03,,,,
MGRS-50SNH-0335-2020-01,,,,
MGRS-48RWS-0032-2020-03,,,,
MGRS-44SLG-0212-2020-05,,,,
MGRS-49REL-0713-2020-01,,,,
MGRS-49SFA-0311-2020-01-1,,,,
MGRS-49SFA-0311-2020-01-2,,,,
MGRS-50SLA-0203-2020-03,,,,
MGRS-49SFD-0650-2020-08,,,,
MGRS-49RGP-0060-2020-01,,,,
MGRS-49RGP-0024-2020-01,,,,
MGRS-49REL-0345-2020-01,,,,
MGRS-50SNE-0001-2020-01,,,,
MGRS-49REN-0037-2020-01,,,,
MGRS-49SCU-0211-2020-01,,,,
MGRS-49RGK-0145-2020-02,,,,
MGRS-49RFQ-0004-2020-03,,,,
MGRS-49RDK-0184-2020-02,,,,
MGRS-49SFD-0623-2020-08,,,,
MGRS-49QEF-0012-2020-01,,,,
MGRS-51SVB-0087-2020-05,,,,
MGRS-49SFS-0245-2020-01-1,,,,
MGRS-49SFS-0245-2020-01-2,,,,
MGRS-49REN-0169-2020-03,,,,
MGRS-48RXU-0898-2020-01,,,,
MGRS-49QFF-0028-2020-01,,,,
MGRS-48QYL-0198-2020-01,,,,
MGRS-51RVP-0141-2020-01,,,,
MGRS-49RFL-0582-2020-01,,,,
MGRS-49RGL-0067-2020-02,,,,
MGRS-49SFA-0324-2020-01-1,,,,
MGRS-49SFA-0324-2020-01-2,,,,
MGRS-49RGP-0055-2020-01,,,,
MGRS-50TQM-0333-2020-01,,,,
MGRS-50SMC-0051-2020-03,,,,
MGRS-49RGK-0086-2020-02,,,,
MGRS-49RDL-0100-2020-01-1,,,,
MGRS-49RDL-0100-2020-01-2,,,,
MGRS-49REL-0530-2020-01,,,,
MGRS-51RUQ-0541-2020-01,,,,
MGRS-49RFM-0587-2020-03,,,,
MGRS-49SDT-0047-2020-06,,,,
MGRS-50SNC-0492-2020-01,,,,
MGRS-47SQA-0242-2020-01-1,,,,
MGRS-47SQA-0242-2020-01-2,,,,
MGRS-47SQA-0242-2020-01-3,,,,
MGRS-49RFL-0304-2020-01,,,,
MGRS-48RTN-0635-2020-01,,,,
MGRS-49SER-0151-2020-01,,,,
MGRS-50SNE-0298-2020-01,,,,
MGRS-51TVE-0063-2020-01,,,,
MGRS-49REK-0357-2020-01,,,,
MGRS-48RWQ-0043-2020-02,,,,
MGRS-50RPV-0538-2020-02,,,,
MGRS-50SND-0417-2020-01,,,,
MGRS-52TGT-0196-2020-01,,,,
MGRS-50SLG-0146-2020-01,,,,
MGRS-49REK-0160-2020-01,,,,
MGRS-50SNB-0347-2020-01-1,,,,
MGRS-50SNB-0347-2020-01-2,,,,
MGRS-49SFS-0373-2020-01,,,,
MGRS-49SCU-0851-2020-01,,,,
MGRS-51SVB-0445-2020-05,,,,
MGRS-50TML-0069-2020-02,,,,
MGRS-49SFD-0683-2020-08,,,,
MGRS-51RVP-0121-2020-01,,,,
MGRS-49SFA-0344-2020-01-1,,,,
MGRS-49SFA-0344-2020-01-2,,,,
MGRS-49SFA-0344-2020-01-3,,,,
MGRS-49SFA-0344-2020-01-4,,,,
MGRS-49REL-0136-2020-01,,,,
MGRS-49SCU-0765-2020-01-2,,,,
MGRS-50SNE-0381-2020-04,,,,
MGRS-48RTN-0541-2020-01-1,,,,
MGRS-48RTN-0541-2020-01-2,,,,
MGRS-50SLJ-0305-2020-05,,,,
MGRS-49RFL-0045-2020-01-1,,,,
MGRS-49RFL-0045-2020-01-2,,,,
MGRS-49REL-0343-2020-01,,,,
MGRS-51RUQ-0219-2020-01,,,,
MGRS-49RCN-0105-2020-05,,,,
MGRS-49RGP-0025-2020-01,,,,
MGRS-50SNE-0002-2020-01,,,,
MGRS-49SDR-0061-2020-01,,,,
MGRS-52TFR-0262-2020-01,,,,
MGRS-49RDL-0293-2020-01,,,,
MGRS-49RFM-0854-2020-03,,,,
MGRS-49RFQ-0418-2020-03,,,,
MGRS-49SER-0374-2020-01,,,,
MGRS-49SGT-0190-2020-01,,,,
MGRS-50SLG-0307-2020-01,,,,
MGRS-49RFM-0485-2020-03,,,,
MGRS-51RVP-0210-2020-01,,,,
MGRS-49REL-0287-2020-01,,,,
MGRS-48RYN-0237-2020-01,,,,
MGRS-49RFM-0472-2020-03,,,,
MGRS-49SFA-0361-2020-01-1,,,,
MGRS-49SFA-0361-2020-01-2,,,,
MGRS-49SFA-0361-2020-01-3,,,,
MGRS-49SFA-0361-2020-01-4,,,,
MGRS-49RFK-0249-2020-03,,,,
MGRS-49RGL-0095-2020-02,,,,
MGRS-49RHJ-0276-2020-02,,,,
MGRS-50SLJ-0717-2020-05,,,,
MGRS-48RXU-0868-2020-01,,,,
MGRS-50SNE-0068-2020-01-1,,,,
MGRS-50SNE-0068-2020-01-2,,,,
MGRS-49RFJ-0253-2020-01,,,,
MGRS-49REN-0016-2020-01,,,,
MGRS-48RTN-0504-2020-01,,,,
MGRS-48RTN-0180-2020-01-1,,,,
MGRS-48RTN-0180-2020-01-2,,,,
MGRS-48RTN-0180-2020-01-3,,,,
MGRS-44TPS-0037-2020-01,,,,
MGRS-49RGP-0021-2020-01,,,,
MGRS-48QYL-0205-2020-01,,,,
MGRS-49REK-0253-2020-01,,,,
MGRS-49RGL-0240-2020-02,,,,
MGRS-48STH-0380-2020-04,,,,
MGRS-46TEN-0185-2020-01-1,,,,
MGRS-46TEN-0185-2020-01-2,,,,
MGRS-49SEB-0105-2020-03,,,,
MGRS-49SCU-0214-2020-01-1,,,,
MGRS-49SCU-0214-2020-01-2,,,,
MGRS-48RVQ-0154-2020-01,,,,
MGRS-48STH-0494-2020-04-1,,,,
MGRS-48STH-0494-2020-04-2,,,,
MGRS-49RFM-0775-2020-03,,,,
MGRS-47SQA-0034-2020-01-1,,,,
MGRS-47SQA-0034-2020-01-2,,,,
MGRS-47SQA-0034-2020-01-3,,,,
MGRS-49SDT-0280-2020-06,,,,
MGRS-48RTN-0331-2020-01-1,,,,
MGRS-48RTN-0331-2020-01-2,,,,
MGRS-48RTN-0331-2020-01-3,,,,
MGRS-48RTN-0331-2020-01-4,,,,
MGRS-51TXN-0025-2020-01,,,,
MGRS-49SDT-0109-2020-06,,,,
MGRS-47SQA-0241-2020-01-1,,,,
MGRS-47SQA-0241-2020-01-4,,,,
MGRS-47SQA-0241-2020-01-2,,,,
MGRS-47SQA-0241-2020-01-3,,,,
MGRS-49SEB-0046-2020-03,,,,
MGRS-49SEB-0084-2020-01,,,,
MGRS-49REL-0748-2020-01,,,,
MGRS-51RVP-0221-2020-01,,,,
MGRS-51TYK-0230-2020-01-1,,,,
MGRS-51TYK-0230-2020-01-2,,,,
MGRS-51TXH-0006-2020-04,,,,
MGRS-49RGL-0097-2020-02,,,,
MGRS-50SLG-0071-2020-01,,,,
MGRS-51RUQ-0544-2020-01-4,,,,
MGRS-51RUQ-0544-2020-01-1,,,,
MGRS-51RUQ-0544-2020-01-2,,,,
MGRS-51RUQ-0544-2020-01-3,,,,
MGRS-49SCU-0748-2020-01,,,,
MGRS-49SFA-0301-2020-01,,,,
MGRS-50UQV-0424-2020-01,,,,
MGRS-50SLJ-0711-2020-05,,,,
MGRS-48RTN-0452-2020-01,,,,
MGRS-48RTN-0452-2020-01-2,,,,
MGRS-50SMG-0357-2020-01,,,,
MGRS-50RPQ-0892-2020-01,,,,
MGRS-48STH-0328-2020-04,,,,
MGRS-50TLK-0813-2020-01,,,,
MGRS-50SMC-0211-2020-01,,,,
MGRS-51TXF-0093-2020-01,,,,
MGRS-49TCE-0029-2020-01,,,,
MGRS-50SMC-0066-2020-01,,,,
MGRS-50TLK-1021-2020-01,,,,
MGRS-49RFQ-0075-2020-03-1,,,,
MGRS-49RFQ-0075-2020-03-2,,,,
MGRS-51TXG-0029-2020-01,,,,
MGRS-50SPF-0501-2020-01,,,,
MGRS-50UNV-0114-2020-01,,,,
MGRS-51TUF-0308-2020-05,,,,
MGRS-48RUN-0195-2020-01,,,,
MGRS-49RFQ-0143-2020-03,,,,
MGRS-50SPF-0774-2020-01,,,,
MGRS-49RFQ-0242-2020-03,,,,
MGRS-50TMP-0101-2020-01,,,,
MGRS-50SMA-0468-2020-01,,,,
MGRS-50SPF-0145-2020-01,,,,
MGRS-50UQV-0157-2020-01,,,,
MGRS-49RFQ-0222-2020-03,,,,
MGRS-50TPM-0269-2020-08,,,,
MGRS-50TPM-0234-2020-08,,,,
MGRS-49RFQ-0064-2020-03,,,,
MGRS-48RUN-0342-2020-01,,,,
MGRS-50UPV-0046-2020-01,,,,
MGRS-49SCD-0298-2020-01,,,,
MGRS-49RFQ-0131-2020-03-1,,,,
MGRS-49RFQ-0131-2020-03-2,,,,
MGRS-50SPF-0771-2020-01,,,,
MGRS-50SPF-0537-2020-01,,,,
MGRS-48RUN-0048-2020-01,,,,
MGRS-51TUF-0471-2020-05,,,,
MGRS-50SPF-0502-2020-01,,,,
MGRS-51TUF-0363-2020-05,,,,
MGRS-49RFQ-0144-2020-03,,,,
MGRS-49RFQ-0162-2020-03,,,,
MGRS-49RFQ-0278-2020-03,,,,
MGRS-50TNL-0024-2020-01,,,,
MGRS-50TLK-0513-2020-01,,,,
MGRS-51TUF-0169-2020-05,,,,
MGRS-50UPV-0036-2020-01,,,,
MGRS-50SMC-0692-2020-01,,,,
MGRS-50UQV-0158-2020-01,,,,
MGRS-50UQV-0185-2020-01,,,,
MGRS-51TYH-0217-2020-03,,,,
MGRS-50TPM-0037-2020-08,,,,
MGRS-51TYH-0033-2020-03,,,,
MGRS-49SCS-0328-2020-01,,,,
MGRS-50TNL-0088-2020-01,,,,
MGRS-49RFQ-0012-2020-03,,,,
MGRS-50RPV-0383-2020-02,,,,
MGRS-51STB-0049-2020-01-2,,,,
MGRS-51STB-0049-2020-01-1,,,,
MGRS-49RGN-0080-2020-01,,,,
MGRS-49TEE-0278-2020-01-3,,,,
MGRS-49TEE-0278-2020-01-2,,,,
MGRS-49TEE-0278-2020-01-1,,,,
MGRS-51TWN-0245-2020-03,,,,
MGRS-51SUD-0262-2020-01,,,,
MGRS-51SUD-0424-2020-01,,,,
MGRS-50RPV-0446-2020-02-2,,,,
MGRS-50RPV-0446-2020-02-1,,,,
MGRS-48RVP-0421-2020-02,,,,
MGRS-50RPV-0491-2020-02,,,,
MGRS-48RTR-0061-2020-02,,,,
MGRS-49TEE-0485-2020-01,,,,
MGRS-48SWG-0087-2020-01-2,,,,
MGRS-48SWG-0087-2020-01-1,,,,
MGRS-52TBM-0313-2020-04,,,,
MGRS-51STR-0022-2020-02,,,,
MGRS-50SNF-0035-2020-01,,,,
MGRS-52TCR-0288-2020-03,,,,
MGRS-51TXM-0113-2020-01-1,,,,
MGRS-51TXM-0113-2020-01-2,,,,
MGRS-49TFF-0043-2020-01,,,,
MGRS-48RXR-0380-2020-02,,,,
MGRS-49SFU-0450-2020-01-3,,,,
MGRS-49SFU-0450-2020-01-2,,,,
MGRS-49SFU-0450-2020-01-1,,,,
MGRS-48RXS-0218-2020-01,,,,
MGRS-51TTE-0296-2020-01,,,,
MGRS-50SNF-0112-2020-01,,,,
MGRS-51TTE-0283-2020-01-2,,,,
MGRS-51TTE-0283-2020-01-1,,,,
MGRS-51TVF-0541-2020-01,,,,
MGRS-51SUB-0079-2020-01,,,,
MGRS-47QRG-0155-2020-01,,,,
MGRS-51TVF-0820-2020-01,,,,
MGRS-45TWN-0365-2020-01,,,,
MGRS-50SPA-0966-2020-03,,,,
MGRS-51TVF-0693-2020-01,,,,
MGRS-50SPA-0661-2020-03,,,,
MGRS-51SUB-0071-2020-01,,,,
MGRS-49RBQ-0501-2020-01,,,,
MGRS-50SNF-0093-2020-01,,,,
MGRS-49TFF-0092-2020-01,,,,
MGRS-49SFC-0433-2020-06,,,,
MGRS-49SFU-0724-2020-01-1,,,,
MGRS-49SFU-0724-2020-01-2,,,,
MGRS-50SPC-0733-2020-01,,,,
MGRS-50UPV-0035-2020-01,,,,
MGRS-51SUB-0080-2020-01,,,,
MGRS-46SFJ-0074-2020-01,,,,
MGRS-50RPT-0544-2020-01,,,,
MGRS-50SPC-0751-2020-01,,,,
MGRS-48RVP-0210-2020-02,,,,
MGRS-50SPC-0517-2020-01-2,,,,
MGRS-50SPC-0517-2020-01-1,,,,
MGRS-47QPF-0150-2020-01,,,,
MGRS-47QRG-0108-2020-01,,,,
MGRS-50SPA-0838-2020-03,,,,
MGRS-51TTE-0326-2020-01,,,,
MGRS-51SUD-0426-2020-01,,,,
MGRS-50SPC-0487-2020-01,,,,
MGRS-50SPC-0487-2020-01-1,,,,
MGRS-50SPA-0946-2020-03-2,,,,
MGRS-50SPA-0946-2020-03-1,,,,
MGRS-50RPU-0011-2020-01,,,,
MGRS-48RVR-0206-2020-01,,,,
MGRS-51SUD-0075-2020-01,,,,
MGRS-48RWR-0160-2020-01,,,,
MGRS-51TYG-0423-2020-04,,,,
MGRS-51TYG-0423-2020-04-2,,,,
MGRS-51TYG-0423-2020-04-1,,,,
MGRS-49TCF-0372-2020-01,,,,
MGRS-51TVF-0736-2020-01,,,,
MGRS-48RTR-0296-2020-02,,,,
MGRS-48RWR-0159-2020-01,,,,
MGRS-49SFC-0431-2020-06,,,,
MGRS-52TES-0120-2020-01-1,,,,
MGRS-52TES-0120-2020-01-2,,,,
MGRS-49SFC-0701-2020-06,,,,
MGRS-50RPV-0341-2020-02,,,,
MGRS-50SLE-0733-2020-01-3,,,,
MGRS-50SLE-0733-2020-01-2,,,,
MGRS-50SLE-0733-2020-01-1,,,,
MGRS-50RQQ-0342-2020-01,,,,
MGRS-46SFH-0403-2020-01,,,,
MGRS-50SLE-0261-2020-01-3,,,,
MGRS-50SLE-0261-2020-01-2,,,,
MGRS-50SLE-0261-2020-01-1,,,,
MGRS-50SPE-0500-2020-01,,,,
MGRS-49SFA-0330-2020-06,,,,
MGRS-48SVA-0192-2020-01,,,,
MGRS-48RXS-0036-2020-01,,,,
MGRS-49SFU-0610-2020-01,,,,
MGRS-49SEV-0357-2020-01,,,,
MGRS-48SWG-0066-2020-02,,,,
MGRS-50SPA-0681-2020-03,,,,
MGRS-50SLE-0728-2020-01,,,,
MGRS-48SWG-0084-2020-02,,,,
MGRS-50SKH-0546-2020-01,,,,
MGRS-49SFU-0591-2020-01,,,,
MGRS-51RTQ-0039-2020-02,,,,
MGRS-50RPT-0609-2020-01,,,,
MGRS-47SLB-0095-2020-01-2,,,,
MGRS-47SLB-0095-2020-01-1,,,,
MGRS-51SUR-0019-2020-01,,,,
MGRS-48RVP-0410-2020-02,,,,
MGRS-49TEE-0459-2020-01,,,,
MGRS-52TCR-0218-2020-03,,,,
MGRS-50RPU-0010-2020-01-2,,,,
MGRS-50RPU-0010-2020-01,,,,
MGRS-50SQB-0756-2020-01,,,,
MGRS-50RQP-0279-2020-04,,,,
MGRS-48RVR-0322-2020-01,,,,
MGRS-44TQQ-0038-2020-05-3,,,,
MGRS-44TQQ-0038-2020-05-2,,,,
MGRS-44TQQ-0038-2020-05-1,,,,
MGRS-50RPT-0396-2020-01,,,,
MGRS-49TEE-0486-2020-01,,,,
MGRS-51SUB-0032-2020-01,,,,
MGRS-50SLF-0650-2020-01,,,,
MGRS-51TTE-0387-2020-01,,,,
MGRS-50SQD-0034-2020-02,,,,
MGRS-49SCB-0187-2020-01,,,,
MGRS-48SWG-0007-2020-02,,,,
MGRS-48SWG-0007-2020-02-2,,,,
MGRS-48SWG-0007-2020-02-1,,,,
MGRS-49SFU-0442-2020-01,,,,
MGRS-50SLE-0083-2020-02,,,,
MGRS-51TYG-0314-2020-04,,,,
MGRS-48RVP-0349-2020-02,,,,
MGRS-49SFU-0370-2020-01-2,,,,
MGRS-49SFU-0370-2020-01-1,,,,
MGRS-49SFC-0487-2020-06-1,,,,
MGRS-49SFC-0487-2020-06-2,,,,
MGRS-49SFC-0487-2020-06-3,,,,
MGRS-49SFC-0487-2020-06-4,,,,
MGRS-50SKH-0015-2020-01,,,,
MGRS-49SFC-0289-2020-06,,,,
MGRS-49TCF-0232-2020-01,,,,
MGRS-50SKH-0949-2020-01,,,,
MGRS-49SBS-0255-2020-01,,,,
MGRS-50RPU-0014-2020-01,,,,
MGRS-48SYB-0124-2020-01,,,,
MGRS-52TBM-0398-2020-04-2,,,,
MGRS-52TBM-0398-2020-04-1,,,,
MGRS-51STR-0567-2020-01,,,,
MGRS-51STB-0198-2020-01-2,,,,
MGRS-51STB-0198-2020-01-1,,,,
MGRS-50SPE-0130-2020-01,,,,
MGRS-50SQB-0752-2020-01,,,,
MGRS-49SFC-0092-2020-06,,,,
MGRS-48SXD-0234-2020-06,,,,
MGRS-50RQP-0455-2020-04,,,,
MGRS-49SEV-0176-2020-01,,,,
MGRS-48RYU-0526-2020-01,,,,
MGRS-51TWN-0170-2020-03-4,,,,
MGRS-51TWN-0170-2020-03-3,,,,
MGRS-51TWN-0170-2020-03-2,,,,
MGRS-51TWN-0170-2020-03-1,,,,
MGRS-50SQD-0182-2020-02,,,,
MGRS-50RPT-0581-2020-01,,,,
MGRS-51TVF-0685-2020-01-2,,,,
MGRS-52TBM-0381-2020-04,,,,
MGRS-51SUR-0018-2020-01,,,,
MGRS-50SPA-0617-2020-03,,,,
MGRS-51STR-0565-2020-01,,,,
MGRS-51TYG-0387-2020-04,,,,
MGRS-50SNF-0120-2020-01,,,,
MGRS-51TVF-0539-2020-01,,,,
MGRS-50SQB-0075-2020-01-1,,,,
MGRS-50SQB-0075-2020-01-2,,,,
MGRS-49SFC-0450-2020-06,,,,
MGRS-50SMJ-0789-2020-01,,,,
MGRS-48SVG-0061-2020-05,,,,
MGRS-48QTM-0027-2020-01,,,,
MGRS-48RYU-0641-2020-01,,,,
MGRS-51TWN-0330-2020-03,,,,
MGRS-50RQP-0732-2020-04,,,,
MGRS-51SUD-0579-2020-01,,,,
MGRS-50SPC-0732-2020-01,,,,
MGRS-50RPV-0324-2020-02,,,,
MGRS-50RPV-0081-2020-02,,,,
MGRS-51SUD-0401-2020-01,,,,
MGRS-50RPT-0525-2020-01,,,,
MGRS-50SPC-0516-2020-01,,,,
MGRS-49SFU-0107-2020-01-2,,,,
MGRS-49SFU-0107-2020-01-1,,,,
MGRS-49TFF-0042-2020-01-2,,,,
MGRS-49TFF-0042-2020-01-1,,,,
MGRS-51TVF-0823-2020-01-2,,,,
MGRS-51TVF-0823-2020-01-1,,,,
MGRS-50SLF-0898-2020-01,,,,
MGRS-48SXC-0018-2020-01,,,,
MGRS-50SPC-0332-2020-01,,,,
MGRS-50SLE-0585-2020-01,,,,
MGRS-50SMJ-0075-2020-01,,,,
MGRS-51SUD-0108-2020-01,,,,
MGRS-51SUD-0261-2020-01,,,,
MGRS-50SNF-0068-2020-02,,,,
MGRS-49SBS-0060-2020-01,,,,
MGRS-50SKH-0547-2020-01-3,,,,
MGRS-50SKH-0547-2020-01-2,,,,
MGRS-50SKH-0547-2020-01-1,,,,
MGRS-51TTE-0323-2020-01-4,,,,
MGRS-51TTE-0323-2020-01-3,,,,
MGRS-51TTE-0323-2020-01-2,,,,
MGRS-51TTE-0323-2020-01-1,,,,
MGRS-50SNF-0329-2020-02-2,,,,
MGRS-50SNF-0329-2020-02-1,,,,
MGRS-48RWR-0211-2020-01,,,,
MGRS-49SCS-0222-2020-01,,,,
MGRS-48SXJ-0212-2020-01,,,,
MGRS-44TPM-0118-2020-04,,,,
MGRS-48SWH-0440-2020-01,,,,
MGRS-48RWN-0186-2020-01,,,,
MGRS-48RUU-0098-2020-02,,,,
MGRS-50TNK-0028-2020-02,,,,
MGRS-44TNQ-0100-2020-02,,,,
MGRS-49SGC-0430-2020-01,,,,
MGRS-47RPJ-0316-2020-01,,,,
MGRS-49QCB-0400-2020-01,,,,
MGRS-50SNE-0338-2020-04,,,,
MGRS-43SEC-0073-2020-01,,,,
MGRS-50SNB-0255-2020-01,,,,
MGRS-50RLU-0462-2020-01,,,,
MGRS-50RMS-0148-2020-01,,,,
MGRS-48RVT-0064-2020-03,,,,
MGRS-50SKH-0621-2020-01,,,,
MGRS-50RNV-0125-2020-02,,,,
MGRS-50RPN-0546-2020-01,,,,
MGRS-48RVT-0015-2020-03,,,,
MGRS-48SXJ-0186-2020-01,,,,
MGRS-50RPN-0614-2020-01,,,,
MGRS-50RNV-0121-2020-02,,,,
MGRS-43SED-0191-2020-03,,,,
MGRS-50RNV-0956-2020-02,,,,
MGRS-50RNV-0022-2020-02,,,,
MGRS-52TEN-0523-2020-01,,,,
MGRS-49QBF-0486-2020-01,,,,
MGRS-48TXL-0022-2020-01,,,,
MGRS-49QBF-0378-2020-01,,,,
MGRS-48QZL-0302-2020-01,,,,
MGRS-50SNB-0268-2020-01,,,,
MGRS-49SFV-0183-2020-01,,,,
MGRS-50RNV-0828-2020-02,,,,
MGRS-50RNV-0189-2020-02,,,,
MGRS-49QBF-0404-2020-01,,,,
MGRS-49RFJ-0267-2020-01,,,,
MGRS-48SXJ-0067-2020-01,,,,
MGRS-50RNV-0594-2020-02,,,,
MGRS-45TXH-0474-2020-12,,,,
MGRS-49QBF-0413-2020-01,,,,
MGRS-48RVP-0441-2020-02,,,,
MGRS-48RUU-0411-2020-01,,,,
MGRS-48RYV-0278-2020-01,,,,
MGRS-48RYP-0060-2020-02,,,,
MGRS-51STT-0021-2020-03,,,,
MGRS-50RNV-0190-2020-02,,,,
MGRS-47RQH-0367-2020-01,,,,
MGRS-48RUT-0456-2020-01,,,,
MGRS-48RUU-0374-2020-01,,,,
MGRS-48SXJ-0287-2020-01,,,,
MGRS-50RNV-0150-2020-02,,,,
MGRS-48RVT-0017-2020-03,,,,
MGRS-50RMU-0125-2020-02,,,,
MGRS-44TML-0237-2020-02,,,,
MGRS-51TTG-0436-2020-01,,,,
MGRS-48SXJ-0090-2020-01,,,,
MGRS-50RNV-0851-2020-02,,,,
MGRS-49RFJ-0182-2020-01,,,,
MGRS-50RNV-0629-2020-02-1,,,,
MGRS-50RNV-0629-2020-02-2,,,,
MGRS-48RVR-0034-2020-01,,,,
MGRS-50SKH-0585-2020-01,,,,
MGRS-48SXJ-0660-2020-01,,,,
MGRS-50RPN-0699-2020-01,,,,
MGRS-48SYD-0476-2020-01,,,,
MGRS-48RVP-0079-2020-02,,,,
MGRS-48QZL-0189-2020-01,,,,
MGRS-50RPT-0271-2020-01,,,,
MGRS-48RUU-0480-2020-02,,,,
MGRS-49RBL-0080-2020-01,,,,
MGRS-50RPN-0088-2020-01,,,,
MGRS-50SNB-0346-2020-01,,,,
MGRS-49QEG-0380-2020-01,,,,
MGRS-50SNE-0331-2020-04,,,,
MGRS-48STF-0015-2020-03,,,,
MGRS-48RVP-0039-2020-02,,,,
MGRS-44TML-0236-2020-02,,,,
MGRS-48RVP-0507-2020-02,,,,
MGRS-48QZL-0356-2020-01,,,,
MGRS-50SNB-0296-2020-01,,,,
MGRS-48SXJ-0215-2020-01,,,,
MGRS-50SNC-0187-2020-01,,,,
MGRS-49RGJ-0214-2020-03,,,,
MGRS-50RPT-0248-2020-01,,,,
MGRS-49QEG-0483-2020-01,,,,
MGRS-48RUV-0213-2020-01,,,,
MGRS-48QZL-0129-2020-01,,,,
MGRS-48QZL-0093-2020-01,,,,
MGRS-50RLU-0412-2020-01,,,,
MGRS-45TXH-0475-2020-12,,,,
MGRS-50RNV-0155-2020-02,,,,
MGRS-50RPT-0291-2020-01,,,,
MGRS-49TFF-0352-2020-01,,,,
MGRS-50SNE-0342-2020-04,,,,
MGRS-49TEF-0037-2020-02,,,,
MGRS-48SUG-0129-2020-01,,,,
MGRS-50SNE-0405-2020-04,,,,
MGRS-44SNF-0035-2020-10,,,,
MGRS-50SNB-0276-2020-01,,,,
MGRS-44TPM-0128-2020-04,,,,
MGRS-50SNB-0267-2020-01,,,,
MGRS-48RVT-0463-2020-03,,,,
MGRS-50RPN-0356-2020-01,,,,
MGRS-48RUT-0398-2020-01,,,,
MGRS-49SFV-0492-2020-01,,,,
MGRS-48RVP-0024-2020-02,,,,
MGRS-50SNE-0526-2020-04,,,,
MGRS-49QEG-0557-2020-01,,,,
MGRS-50RNV-0852-2020-02,,,,
MGRS-48RUU-0397-2020-01,,,,
MGRS-49SFV-0529-2020-01,,,,
MGRS-51TUE-0008-2020-01,,,,
MGRS-48TXK-0207-2020-01,,,,
MGRS-45TXH-0481-2020-12,,,,
MGRS-50RQV-0581-2020-01,,,,
MGRS-51STB-0067-2020-01,,,,
MGRS-50SNG-0490-2020-03-1,,,,
MGRS-50SNG-0490-2020-03-2,,,,
MGRS-50SNG-0490-2020-03-3,,,,
MGRS-48STH-0365-2020-04-1,,,,
MGRS-48STH-0365-2020-04-2,,,,
MGRS-51STB-0058-2020-01-1,,,,
MGRS-51STB-0058-2020-01-2,,,,
MGRS-50SNJ-0532-2020-03,,,,
MGRS-48SXE-0349-2020-01-1,,,,
MGRS-48SXE-0349-2020-01-2,,,,
MGRS-49TFG-0067-2020-02,,,,
MGRS-50SLD-0295-2020-05,,,,
MGRS-47TME-0362-2020-01,,,,
MGRS-51STB-0193-2020-01,,,,
MGRS-47RNH-0017-2020-02,,,,
MGRS-48SYC-0108-2020-01,,,,
MGRS-48STH-0312-2020-04,,,,
MGRS-48RVQ-0366-2020-01,,,,
MGRS-49QHF-0206-2020-01,,,,
MGRS-48RWV-0333-2020-01,,,,
MGRS-47SQC-0288-2020-01,,,,
MGRS-50SNA-0409-2020-01,,,,
MGRS-51STA-0958-2020-01,,,,
MGRS-50SNJ-0864-2020-03,,,,
MGRS-49SGA-0236-2020-02,,,,
MGRS-49SGA-0425-2020-02,,,,
MGRS-51TWH-0425-2020-01,,,,
MGRS-48SYD-0422-2020-01,,,,
MGRS-50SNJ-0936-2020-03-1,,,,
MGRS-50SNJ-0936-2020-03-2,,,,
MGRS-49SGV-0499-2020-02,,,,
MGRS-49SCA-0285-2020-02-1,,,,
MGRS-49SCA-0285-2020-02-2,,,,
MGRS-49SCA-0285-2020-02-3,,,,
MGRS-49QGE-0145-2020-01,,,,
MGRS-52TFT-0117-2020-03,,,,
MGRS-52TFS-0245-2020-02,,,,
MGRS-51TUH-0035-2020-02,,,,
MGRS-49QFF-0221-2020-02,,,,
MGRS-48SWA-0027-2020-01,,,,
MGRS-48SYD-0310-2020-01,,,,
MGRS-50TQP-0150-2020-01,,,,
MGRS-49SED-0205-2020-01,,,,
MGRS-50RQP-0768-2020-04,,,,
MGRS-49SGA-0232-2020-02,,,,
MGRS-50RQV-0549-2020-01-1,,,,
MGRS-50RQV-0549-2020-01-2,,,,
MGRS-50RQV-0549-2020-01-3,,,,
MGRS-48SYC-0005-2020-01,,,,
MGRS-46TEN-0186-2020-01,,,,
MGRS-50SQE-0011-2020-01,,,,
MGRS-50RNT-0222-2020-02-3,,,,
MGRS-50RNT-0222-2020-02-2,,,,
MGRS-50RNT-0222-2020-02-1,,,,
MGRS-50RNT-0222-2020-02-4,,,,
MGRS-47TME-0186-2020-01,,,,
MGRS-50SQA-0411-2020-01,,,,
MGRS-51STB-0179-2020-01-1,,,,
MGRS-51STB-0179-2020-01-2,,,,
MGRS-48SUF-0105-2020-01,,,,
MGRS-51TWE-0270-2020-02,,,,
MGRS-49QHF-0310-2020-01,,,,
MGRS-53TLN-0244-2020-01,,,,
MGRS-50SND-0303-2020-01,,,,
MGRS-50SMF-0577-2020-03,,,,
MGRS-48STH-0297-2020-04-1,,,,
MGRS-48STH-0297-2020-04-2,,,,
MGRS-48STH-0297-2020-04-3,,,,
MGRS-48STH-0297-2020-04-4,,,,
MGRS-50SND-0194-2020-01,,,,
MGRS-51TVG-0683-2020-01,,,,
MGRS-51RTN-0572-2020-01,,,,
MGRS-50SND-0338-2020-01,,,,
MGRS-50SKF-0409-2020-03,,,,
MGRS-49SDU-0438-2020-01,,,,
MGRS-50SKF-0904-2020-03,,,,
MGRS-51TWH-0249-2020-01,,,,
MGRS-49RCH-0680-2020-01,,,,
MGRS-50SPC-0919-2020-01-1,,,,
MGRS-50SPC-0919-2020-01-2,,,,
MGRS-50SPC-0838-2020-01,,,,
MGRS-49QHF-0200-2020-01,,,,
MGRS-50SMF-0368-2020-03,,,,
MGRS-49RFK-0059-2020-01,,,,
MGRS-51RTN-0013-2020-01,,,,
MGRS-50RKR-0514-2020-01,,,,
MGRS-48RXU-0496-2020-01,,,,
MGRS-49RDJ-0268-2020-02-1,,,,
MGRS-49RDJ-0268-2020-02-2,,,,
MGRS-48RVQ-0261-2020-01,,,,
MGRS-50RKU-0034-2020-01,,,,
MGRS-48RVS-0115-2020-01-1,,,,
MGRS-48RVS-0115-2020-01-2,,,,
MGRS-48RXU-0847-2020-01,,,,
MGRS-50SND-0121-2020-01,,,,
MGRS-48RXU-0883-2020-01,,,,
MGRS-49QGF-0110-2020-02-1,,,,
MGRS-49QGF-0110-2020-02-2,,,,
MGRS-52TFS-0234-2020-02,,,,
MGRS-52TFS-0072-2020-02-1,,,,
MGRS-52TFS-0072-2020-02-2,,,,
MGRS-49SED-0014-2020-01,,,,
MGRS-52TGT-0242-2020-01,,,,
MGRS-49QFF-0605-2020-02,,,,
MGRS-52TFS-0287-2020-02,,,,
MGRS-48SVA-0187-2020-01,,,,
MGRS-45TXH-0115-2020-12-1,,,,
MGRS-45TXH-0115-2020-12-2,,,,
MGRS-45TXH-0115-2020-12-3,,,,
MGRS-49SGA-0670-2020-02,,,,
MGRS-49RCQ-0101-2020-02-1,,,,
MGRS-49RCQ-0101-2020-02-2,,,,
MGRS-49RCQ-0101-2020-02-3,,,,
MGRS-49SCT-0392-2020-02,,,,
MGRS-50SQA-0426-2020-01-1,,,,
MGRS-50SQA-0426-2020-01-2,,,,
MGRS-50SQA-0426-2020-01-3,,,,
MGRS-49QFF-0344-2020-02-1,,,,
MGRS-49QFF-0344-2020-02-2,,,,
MGRS-50SKE-0617-2020-01-1,,,,
MGRS-50SKE-0617-2020-01-2,,,,
MGRS-50SKE-0617-2020-01-3,,,,
MGRS-49QFF-0290-2020-02,,,,
MGRS-51RUN-0180-2020-03-1,,,,
MGRS-51RUN-0180-2020-03-2,,,,
MGRS-50SNG-0017-2020-02-1,,,,
MGRS-50SNG-0017-2020-02-2,,,,
MGRS-51RUP-0126-2020-01,,,,
MGRS-49RCH-0084-2020-01,,,,
MGRS-51RUN-0207-2020-03-1,,,,
MGRS-51RUN-0207-2020-03-2,,,,
MGRS-50RQP-0263-2020-04,,,,
MGRS-51TUH-0168-2020-01-1,,,,
MGRS-51TUH-0168-2020-01-2,,,,
MGRS-51TUH-0168-2020-01-3,,,,
MGRS-50TQN-0154-2020-01,,,,
MGRS-50SPA-0601-2020-03-1,,,,
MGRS-50SPA-0601-2020-03-2,,,,
MGRS-49TDF-0133-2020-01-1,,,,
MGRS-49TDF-0133-2020-01-2,,,,
MGRS-49TEE-0122-2020-03-1,,,,
MGRS-49TEE-0122-2020-03-2,,,,
MGRS-50TQL-0075-2020-01,,,,
MGRS-48SUF-0332-2020-01,,,,
MGRS-49RCH-0116-2020-01,,,,
MGRS-51RUP-0212-2020-01-1,,,,
MGRS-51RUP-0212-2020-01-2,,,,
MGRS-50SND-0323-2020-01-1,,,,
MGRS-50SND-0323-2020-01-2,,,,
MGRS-50RQV-0301-2020-01-1,,,,
MGRS-50RQV-0301-2020-01-2,,,,
MGRS-48TXK-0375-2020-01,,,,
MGRS-45TVG-0305-2020-01,,,,
MGRS-48RVQ-0472-2020-01,,,,
MGRS-45TVK-0004-2020-01,,,,
MGRS-49QFF-0232-2020-02-1,,,,
MGRS-49QFF-0232-2020-02-2,,,,
MGRS-51TYN-0179-2020-01,,,,
MGRS-48RVN-0205-2020-02,,,,
MGRS-51RTN-0475-2020-01,,,,
MGRS-50SKF-0555-2020-03,,,,
MGRS-50SMF-0634-2020-03,,,,
MGRS-50SND-0439-2020-01,,,,
MGRS-50QKL-0139-2020-01-1,,,,
MGRS-50QKL-0139-2020-01-2,,,,
MGRS-49QGG-0661-2020-02-1,,,,
MGRS-49QGG-0661-2020-02-2,,,,
MGRS-47SQC-0206-2020-01,,,,
MGRS-45TXM-0008-2020-01,,,,
MGRS-50SKF-0087-2020-03-1,,,,
MGRS-50SKF-0087-2020-03-2,,,,
MGRS-49SGV-0561-2020-02,,,,
MGRS-48RXU-0735-2020-01,,,,
MGRS-50RQP-0762-2020-04-1,,,,
MGRS-50RQP-0762-2020-04-2,,,,
MGRS-51STB-0182-2020-01,,,,
MGRS-49QFF-0636-2020-02-1,,,,
MGRS-49QFF-0636-2020-02,,,,
MGRS-49SDD-0002-2020-01,,,,
MGRS-50SPA-0456-2020-03,,,,
MGRS-51STB-0083-2020-01,,,,
MGRS-50SND-0268-2020-01,,,,
MGRS-43SGB-0043-2020-01,,,,
MGRS-50SPC-0918-2020-01,,,,
MGRS-50SPC-0918-2020-01-2,,,,
MGRS-48RWR-0213-2020-01,,,,
MGRS-50SKE-0597-2020-01,,,,
MGRS-50SPA-0396-2020-03,,,,
MGRS-50SPC-0855-2020-01,,,,
MGRS-50SQA-0577-2020-01,,,,
MGRS-46TEN-0183-2020-01,,,,
MGRS-45TVN-0075-2020-01,,,,
MGRS-50SNJ-0506-2020-03,,,,
MGRS-50SKJ-0475-2020-01-1,,,,
MGRS-50SKJ-0475-2020-01-2,,,,
MGRS-50SKJ-0475-2020-01-3,,,,
MGRS-50SKJ-0475-2020-01-4,,,,
MGRS-51TXJ-0692-2020-01,,,,
MGRS-44TMQ-0120-2020-01,,,,
MGRS-47RNH-0018-2020-02,,,,
MGRS-49SGC-0775-2020-01,,,,
MGRS-49RCH-0478-2020-01,,,,
MGRS-48RUT-0157-2020-02-1,,,,
MGRS-48RUT-0157-2020-02-2,,,,
MGRS-49QFF-0442-2020-02-1,,,,
MGRS-49QFF-0442-2020-02-2,,,,
MGRS-49QFF-0442-2020-02-3,,,,
MGRS-49QFF-0460-2020-02,,,,
MGRS-50QKL-0413-2020-01,,,,
MGRS-49QDE-0554-2020-01,,,,
MGRS-48RXS-0561-2020-01,,,,
MGRS-51TXJ-0108-2020-01,,,,
MGRS-50SQG-0032-2020-01,,,,
MGRS-49QHF-0531-2020-01,,,,
MGRS-51RTL-0166-2020-01,,,,
MGRS-48SXC-0234-2020-03,,,,
MGRS-49RFK-0230-2020-01,,,,
MGRS-50SMF-0701-2020-03,,,,
MGRS-50SPD-0699-2020-02,,,,
MGRS-48RWV-0330-2020-01,,,,
MGRS-48SYA-0080-2020-01,,,,
MGRS-45TVG-0250-2020-01,,,,
MGRS-50RMP-0157-2020-01,,,,
MGRS-49SFV-0588-2020-01,,,,
MGRS-48RXU-0501-2020-01,,,,
MGRS-50RPS-0124-2020-01,,,,
MGRS-50TQN-0135-2020-01-1,,,,
MGRS-50TQN-0135-2020-01-2,,,,
MGRS-50TPN-0352-2020-01,,,,
MGRS-49SEU-0340-2020-01,,,,
MGRS-48SYC-0123-2020-01,,,,
MGRS-49QFF-0141-2020-02,,,,
MGRS-50SLH-0203-2020-01,,,,
MGRS-49SED-0512-2020-01,,,,
MGRS-47SPD-0285-2020-01,,,,
MGRS-48TXK-0338-2020-01-1,,,,
MGRS-48TXK-0338-2020-01-2,,,,
MGRS-48TXK-0338-2020-01-3,,,,
MGRS-50SND-0322-2020-01,,,,
MGRS-48SWA-0235-2020-01,,,,
MGRS-48SYD-0401-2020-01-1,,,,
MGRS-49SFT-0340-2020-01,,,,
MGRS-44TMP-0053-2020-01-1,,,,
MGRS-44TMP-0053-2020-01-2,,,,
MGRS-44TMP-0053-2020-01-3,,,,
MGRS-50RKT-0201-2020-01,,,,
MGRS-50SQA-0447-2020-01,,,,
MGRS-50SKG-0906-2020-01,,,,
MGRS-50SPD-0912-2020-02,,,,
MGRS-50SKF-0176-2020-03,,,,
MGRS-47TME-0206-2020-01,,,,
MGRS-48RXU-0734-2020-01,,,,
MGRS-50SMF-0606-2020-03,,,,
MGRS-50SNJ-0025-2020-03,,,,
MGRS-50SND-0087-2020-01,,,,
MGRS-49SGV-0560-2020-02,,,,
MGRS-48RTQ-0005-2020-02-1,,,,
MGRS-48RTQ-0005-2020-02-2,,,,
MGRS-51STB-0361-2020-01,,,,
MGRS-50SKG-0096-2020-01-1,,,,
MGRS-50SKG-0096-2020-01-2,,,,
MGRS-51TUH-0369-2020-01,,,,
MGRS-51TXJ-0643-2020-01,,,,
MGRS-50SQA-0870-2020-01,,,,
MGRS-48SXE-0577-2020-01,,,,
MGRS-52TDT-0032-2020-08,,,,
MGRS-50SKE-0599-2020-01-1,,,,
MGRS-50SKE-0599-2020-01-2,,,,
MGRS-50SKF-0929-2020-03-1,,,,
MGRS-50SKF-0929-2020-03-2,,,,
MGRS-50SKF-0929-2020-03-3,,,,
MGRS-48SVD-0132-2020-01,,,,
MGRS-49QDF-0502-2020-01,,,,
MGRS-46TEN-0383-2020-01,,,,
MGRS-48SUF-0122-2020-01,,,,
MGRS-50SQA-0230-2020-01,,,,
MGRS-50SMF-0693-2020-03,,,,
MGRS-48SWA-0682-2020-01,,,,
MGRS-48RVS-0547-2020-01,,,,
MGRS-49QGF-1155-2020-01,,,,
MGRS-50SQA-0760-2020-01,,,,
MGRS-50SND-0391-2020-01,,,,
MGRS-51STA-0027-2020-01,,,,
MGRS-50RQV-0333-2020-01,,,,
MGRS-50RQV-0630-2020-01,,,,
MGRS-50SQF-0969-2020-01,,,,
MGRS-49QDA-0078-2020-06,,,,
MGRS-50RQP-0453-2020-04,,,,
MGRS-51TXJ-0632-2020-01,,,,
MGRS-50SND-0418-2020-01,,,,
MGRS-50SPA-0363-2020-03,,,,
MGRS-50SMF-0370-2020-03,,,,
MGRS-49SGA-0671-2020-02-1,,,,
MGRS-49SGA-0671-2020-02-2,,,,
MGRS-50SNJ-0498-2020-03,,,,
MGRS-50SQA-0373-2020-01,,,,
MGRS-50RQV-0243-2020-01-1,,,,
MGRS-50RQV-0243-2020-01-2,,,,
MGRS-49SFV-0803-2020-01,,,,
MGRS-50SKF-0903-2020-03-1,,,,
MGRS-50SKF-0903-2020-03-2,,,,
MGRS-48RXU-0237-2020-01,,,,
MGRS-49RCH-0643-2020-01,,,,
MGRS-48RXU-0471-2020-01,,,,
MGRS-49QFF-0044-2020-02-1,,,,
MGRS-49QFF-0044-2020-02-2,,,,
MGRS-45SXD-0434-2020-01,,,,
MGRS-46TEN-0189-2020-01,,,,
MGRS-49SGA-0073-2020-02-1,,,,
MGRS-49SGA-0073-2020-02-2,,,,
MGRS-48RXS-0046-2020-01-1,,,,
MGRS-48RXS-0046-2020-01-2,,,,
MGRS-48RXU-0341-2020-01,,,,
MGRS-47RPJ-0183-2020-01,,,,
MGRS-48SWA-0462-2020-01-1,,,,
MGRS-48SWA-0462-2020-01-2,,,,
MGRS-52TEP-0196-2020-04,,,,
MGRS-52TFS-0257-2020-02-1,,,,
MGRS-52TFS-0257-2020-02-2,,,,
MGRS-50SNJ-0935-2020-03,,,,
MGRS-50SKG-0072-2020-01-1,,,,
MGRS-50SKG-0072-2020-01-2,,,,
MGRS-50SKG-0072-2020-01-3,,,,
MGRS-50SKG-0072-2020-01-4,,,,
MGRS-50SQA-1224-2020-01,,,,
MGRS-48RVS-0354-2020-01-1,,,,
MGRS-48RVS-0354-2020-01-2,,,,
MGRS-52TFS-0059-2020-02,,,,
MGRS-50SQA-0612-2020-01,,,,
MGRS-50SKF-0143-2020-03,,,,
MGRS-48SWB-0506-2020-01,,,,
MGRS-48RWR-0282-2020-01-1,,,,
MGRS-48RWR-0282-2020-01-2,,,,
MGRS-50SQA-0010-2020-01,,,,
MGRS-49QFF-0169-2020-02,,,,
MGRS-50SNJ-0889-2020-03,,,,
MGRS-50SKF-0394-2020-03-1,,,,
MGRS-50SKF-0394-2020-03-2,,,,
MGRS-49SGA-0576-2020-02-1,,,,
MGRS-49SGA-0576-2020-02-2,,,,
MGRS-48RVT-0458-2020-03-1,,,,
MGRS-48RVT-0458-2020-03-2,,,,
MGRS-52TCS-0072-2020-02,,,,
MGRS-50SND-0395-2020-01,,,,
MGRS-50SKE-0667-2020-01,,,,
MGRS-48RVQ-0510-2020-01,,,,
MGRS-48SYD-0636-2020-01,,,,
MGRS-48RVS-0130-2020-01,,,,
MGRS-51TYK-0607-2020-01,,,,
MGRS-50SPC-0457-2020-01-1,,,,
MGRS-50SPC-0457-2020-01-2,,,,
MGRS-50SPC-0457-2020-01-3,,,,
MGRS-48RXU-0736-2020-01,,,,
MGRS-51STB-0066-2020-01-1,,,,
MGRS-51STB-0066-2020-01-2,,,,
MGRS-50SNJ-0504-2020-03,,,,
MGRS-45TXM-0009-2020-01,,,,
MGRS-50SNA-0479-2020-01,,,,
MGRS-50SKF-0628-2020-03,,,,
MGRS-49QCB-0143-2020-01,,,,
MGRS-50SLH-0744-2020-01-1,,,,
MGRS-50SLH-0744-2020-01-2,,,,
MGRS-49SFV-0087-2020-01,,,,
MGRS-48STH-0346-2020-04-1,,,,
MGRS-48STH-0346-2020-04-2,,,,
MGRS-48STH-0346-2020-04-3,,,,
MGRS-45TWJ-0536-2020-01,,,,
MGRS-50SKF-0953-2020-03,,,,
MGRS-50SNB-0251-2020-01,,,,
MGRS-48SXA-0305-2020-01,,,,
MGRS-50RPV-0201-2020-01,,,,
MGRS-49SDB-0370-2020-01,,,,
MGRS-49SEA-0358-2020-03,,,,
MGRS-50RPV-0209-2020-01,,,,
MGRS-48QTM-0316-2020-01,,,,
MGRS-50SNA-0878-2020-01,,,,
MGRS-49SDD-0665-2020-06,,,,
MGRS-50SKF-0812-2020-03,,,,
MGRS-48SXH-0403-2020-01,,,,
MGRS-48SVE-0301-2020-05,,,,
MGRS-49TFE-0497-2020-03,,,,
MGRS-50SNA-0911-2020-01,,,,
MGRS-45TWJ-0569-2020-01,,,,
MGRS-49TFE-0555-2020-03,,,,
MGRS-49SEB-0103-2020-03,,,,
MGRS-51TWF-0283-2020-02,,,,
MGRS-48SXA-0292-2020-01,,,,
MGRS-50SQD-0210-2020-02,,,,
MGRS-48RUT-0190-2020-01,,,,
MGRS-49RGQ-0163-2020-01,,,,
MGRS-45TWJ-0362-2020-01,,,,
MGRS-48RUT-0189-2020-01,,,,
MGRS-50SNA-0879-2020-01,,,,
MGRS-50RPV-0172-2020-01,,,,
MGRS-50SNA-0853-2020-01,,,,
MGRS-49RGQ-0466-2020-01,,,,
MGRS-48RUT-0174-2020-01,,,,
MGRS-49SEB-0073-2020-03,,,,
MGRS-48SWF-0105-2020-02,,,,
