scene_id,tile_cnt_sg1,tile_cnt_sg2
MGRS-43SEA,0,0
MGRS-43SEB,239,0
MGRS-43SEC,92,0
MGRS-43SED,343,30
MGRS-43SFA,624,0
MGRS-43SFB,67,0
MGRS-43SFC,131,2
MGRS-43SFD,427,29
MGRS-43SFV,118,0
MGRS-43SGA,581,45
MGRS-43SGB,483,0
MGRS-43SGC,2,0
MGRS-43SGD,72,1
MGRS-43SGU,0,0
MGRS-43SGV,477,0
MGRS-43TEE,145,56
MGRS-43TFE,461,137
MGRS-43TFF,279,0
MGRS-43TGE,432,14
MGRS-43TGF,1,0
MGRS-43TGG,0,0
MGRS-44RKV,0,0
MGRS-44RLV,0,0
MGRS-44RMU,0,0
MGRS-44RMV,0,0
MGRS-44RNU,0,0
MGRS-44RNV,0,0
MGRS-44RPT,0,0
MGRS-44RPU,0,0
MGRS-44RPV,0,0
MGRS-44RQT,0,0
MGRS-44RQU,0,0
MGRS-44RQV,0,0
MGRS-44SKA,0,0
MGRS-44SKB,76,28
MGRS-44SKC,25,1
MGRS-44SKD,444,0
MGRS-44SKE,523,0
MGRS-44SKF,407,233
MGRS-44SKG,409,59
MGRS-44SKH,4,0
MGRS-44SKJ,368,4
MGRS-44SLA,0,0
MGRS-44SLB,360,77
MGRS-44SLC,391,2
MGRS-44SLD,442,0
MGRS-44SLE,11,0
MGRS-44SLF,517,24
MGRS-44SLG,0,0
MGRS-44SLJ,39,3
MGRS-44SMA,0,0
MGRS-44SMB,0,0
MGRS-44SMC,8,4
MGRS-44SMD,35,0
MGRS-44SME,0,0
MGRS-44SMF,333,8
MGRS-44SMG,39,15
MGRS-44SMH,86,5
MGRS-44SNA,235,6
MGRS-44SNB,0,0
MGRS-44SNC,0,0
MGRS-44SND,0,0
MGRS-44SNE,0,0
MGRS-44SNF,0,0
MGRS-44SNG,0,0
MGRS-44SNH,0,0
MGRS-44SPA,0,0
MGRS-44SPB,243,56
MGRS-44SPC,0,0
MGRS-44SPD,134,3
MGRS-44SPE,39,0
MGRS-44SPF,223,0
MGRS-44SPG,138,4
MGRS-44SQC,10,0
MGRS-44SQD,35,9
MGRS-44SQF,36,32
MGRS-44SQG,24,17
MGRS-44SQH,0,0
MGRS-44TKK,468,0
MGRS-44TKL,0,440
MGRS-44TKM,0,0
MGRS-44TLK,648,58
MGRS-44TLL,442,38
MGRS-44TLM,127,0
MGRS-44TMK,0,0
MGRS-44TML,99,528
MGRS-44TMM,0,0
MGRS-44TMN,208,17
MGRS-44TMP,308,3
MGRS-44TMQ,162,5
MGRS-44TNK,21,0
MGRS-44TNL,254,89
MGRS-44TNM,373,19
MGRS-44TNN,526,40
MGRS-44TNP,14,3
MGRS-44TNQ,55,216
MGRS-44TNR,0,28
MGRS-44TPK,12,15
MGRS-44TPL,93,6
MGRS-44TPM,639,8
MGRS-44TPN,241,39
MGRS-44TPP,567,85
MGRS-44TPQ,0,8
MGRS-44TPR,12,165
MGRS-44TPS,436,15
MGRS-44TPT,0,214
MGRS-44TQL,0,0
MGRS-44TQM,296,0
MGRS-44TQN,190,0
MGRS-44TQP,35,469
MGRS-44TQQ,69,0
MGRS-44TQR,1,2
MGRS-44TQS,269,11
MGRS-44TQT,12,5
MGRS-45RTM,0,0
MGRS-45RTN,0,0
MGRS-45RTP,0,0
MGRS-45RTQ,0,0
MGRS-45RUL,0,0
MGRS-45RUM,0,0
MGRS-45RUN,75,164
MGRS-45RUP,72,0
MGRS-45RUQ,167,0
MGRS-45RVL,0,0
MGRS-45RVM,0,0
MGRS-45RVN,100,349
MGRS-45RVP,17,0
MGRS-45RWL,0,0
MGRS-45RWM,0,0
MGRS-45RWN,0,0
MGRS-45RWP,301,0
MGRS-45RWQ,76,0
MGRS-45RXL,0,0
MGRS-45RXM,0,0
MGRS-45RXN,0,0
MGRS-45RXP,0,0
MGRS-45RXQ,218,0
MGRS-45RYL,0,0
MGRS-45RYM,0,0
MGRS-45RYN,0,0
MGRS-45RYP,0,0
MGRS-45RYQ,42,15
MGRS-45STA,278,0
MGRS-45STB,0,0
MGRS-45STC,0,0
MGRS-45STR,0,41
MGRS-45STU,2,0
MGRS-45STV,61,0
MGRS-45SUA,159,26
MGRS-45SUB,109,2
MGRS-45SUC,93,7
MGRS-45SUR,187,0
MGRS-45SUT,129,0
MGRS-45SVA,0,28
MGRS-45SVB,105,215
MGRS-45SVC,100,25
MGRS-45SVD,58,9
MGRS-45SVR,256,16
MGRS-45SVT,207,6
MGRS-45SVU,12,2
MGRS-45SWB,26,115
MGRS-45SWC,64,5
MGRS-45SWD,0,0
MGRS-45SWR,108,0
MGRS-45SWT,40,4
MGRS-45SXB,0,0
MGRS-45SXC,222,6
MGRS-45SXD,632,45
MGRS-45SXR,54,75
MGRS-45SXS,18,0
MGRS-45SXT,225,0
MGRS-45SXU,41,0
MGRS-45SYA,272,0
MGRS-45SYB,39,35
MGRS-45SYC,0,0
MGRS-45SYD,303,0
MGRS-45SYR,123,4
MGRS-45SYT,177,0
MGRS-45TTF,0,0
MGRS-45TTG,284,0
MGRS-45TUF,274,16
MGRS-45TUG,309,220
MGRS-45TUH,402,11
MGRS-45TUJ,306,48
MGRS-45TUK,275,17
MGRS-45TUL,0,0
MGRS-45TUM,14,45
MGRS-45TUN,12,0
MGRS-45TVF,326,219
MGRS-45TVG,678,1
MGRS-45TVH,2,35
MGRS-45TVJ,633,16
MGRS-45TVK,317,12
MGRS-45TVL,95,0
MGRS-45TVM,331,4
MGRS-45TVN,118,0
MGRS-45TWE,20,0
MGRS-45TWF,234,295
MGRS-45TWG,294,52
MGRS-45TWH,39,463
MGRS-45TWJ,870,6
MGRS-45TWK,0,32
MGRS-45TWM,41,13
MGRS-45TWN,754,13
MGRS-45TXE,270,43
MGRS-45TXF,238,10
MGRS-45TXH,5,0
MGRS-45TXJ,119,69
MGRS-45TXK,80,326
MGRS-45TXL,227,55
MGRS-45TXM,408,14
MGRS-45TXN,658,19
MGRS-45TYE,28,0
MGRS-45TYF,96,3
MGRS-45TYH,385,23
MGRS-45TYJ,4,36
MGRS-45TYK,135,7
MGRS-45TYL,20,16
MGRS-45TYM,587,0
MGRS-45TYN,0,382
MGRS-45UVP,485,7
MGRS-45UVQ,200,0
MGRS-45UWP,479,8
MGRS-45UWQ,216,4
MGRS-45UXP,160,10
MGRS-45UYP,24,6
MGRS-46RBR,0,0
MGRS-46RBS,0,0
MGRS-46RBT,242,0
MGRS-46RBU,50,0
MGRS-46RBV,104,0
MGRS-46RCR,0,0
MGRS-46RCS,0,0
MGRS-46RCT,0,0
MGRS-46RCU,781,0
MGRS-46RCV,411,0
MGRS-46RDR,0,0
MGRS-46RDS,0,0
MGRS-46RDT,0,0
MGRS-46RDU,0,0
MGRS-46RDV,1,0
MGRS-46RES,0,0
MGRS-46RET,0,0
MGRS-46REU,0,0
MGRS-46REV,215,0
MGRS-46RFS,0,0
MGRS-46RFT,0,0
MGRS-46RFU,0,0
MGRS-46RFV,0,0
MGRS-46RGT,0,0
MGRS-46RGU,127,7
MGRS-46RGV,1,0
MGRS-46SBA,350,0
MGRS-46SBB,0,0
MGRS-46SBC,8,0
MGRS-46SBF,20,0
MGRS-46SBG,305,0
MGRS-46SBH,366,0
MGRS-46SBJ,0,0
MGRS-46SCA,435,64
MGRS-46SCB,203,38
MGRS-46SCC,102,9
MGRS-46SCD,0,0
MGRS-46SCF,53,105
MGRS-46SCG,46,0
MGRS-46SCH,0,0
MGRS-46SDA,14,1
MGRS-46SDB,161,51
MGRS-46SDC,627,6
MGRS-46SDD,379,34
MGRS-46SDE,35,0
MGRS-46SDF,90,4
MGRS-46SDG,365,11
MGRS-46SEA,104,0
MGRS-46SEB,9,397
MGRS-46SEC,301,33
MGRS-46SED,7,256
MGRS-46SEE,606,38
MGRS-46SEF,436,3
MGRS-46SEG,259,18
MGRS-46SEH,195,0
MGRS-46SEJ,92,7
MGRS-46SFA,308,0
MGRS-46SFB,717,107
MGRS-46SFC,437,18
MGRS-46SFD,355,470
MGRS-46SFE,49,234
MGRS-46SFF,580,14
MGRS-46SFG,187,15
MGRS-46SFH,685,9
MGRS-46SFJ,517,21
MGRS-46SGA,743,12
MGRS-46SGB,618,0
MGRS-46SGC,4,0
MGRS-46SGD,698,6
MGRS-46SGE,198,493
MGRS-46SGF,328,10
MGRS-46SGG,699,42
MGRS-46SGH,208,11
MGRS-46SGJ,104,1
MGRS-46TBK,11,1
MGRS-46TBL,82,2
MGRS-46TCK,0,0
MGRS-46TCL,365,11
MGRS-46TCM,49,7
MGRS-46TCN,69,7
MGRS-46TCP,0,0
MGRS-46TCQ,10,0
MGRS-46TCR,30,0
MGRS-46TCS,272,2
MGRS-46TCT,0,58
MGRS-46TDL,39,3
MGRS-46TDM,406,8
MGRS-46TDN,369,36
MGRS-46TEK,52,0
MGRS-46TEM,357,22
MGRS-46TEN,565,1
MGRS-46TFK,584,14
MGRS-46TFL,159,97
MGRS-46TFM,599,23
MGRS-46TFN,460,23
MGRS-46TFP,360,0
MGRS-46TGK,358,6
MGRS-46TGL,480,16
MGRS-46TGM,8,0
MGRS-46TGN,197,277
MGRS-46TGP,6,0
MGRS-47QLG,3,112
MGRS-47QMF,129,0
MGRS-47QMG,0,0
MGRS-47QND,0,0
MGRS-47QNE,0,0
MGRS-47QNF,502,0
MGRS-47QNG,435,0
MGRS-47QPD,138,7
MGRS-47QPE,828,0
MGRS-47QPF,1004,38
MGRS-47QPG,1069,0
MGRS-47QQD,229,9
MGRS-47QQE,209,432
MGRS-47QQF,287,42
MGRS-47QQG,965,6
MGRS-47QRE,35,0
MGRS-47QRF,961,0
MGRS-47QRG,598,8
MGRS-47RKM,0,0
MGRS-47RKN,780,0
MGRS-47RKP,0,0
MGRS-47RKQ,383,3
MGRS-47RLH,379,6
MGRS-47RLM,0,0
MGRS-47RLN,0,0
MGRS-47RLP,0,0
MGRS-47RLQ,6,3
MGRS-47RMH,757,0
MGRS-47RMJ,654,0
MGRS-47RMK,0,0
MGRS-47RML,0,0
MGRS-47RMM,589,0
MGRS-47RMN,821,0
MGRS-47RMP,737,0
MGRS-47RMQ,0,0
MGRS-47RNH,0,0
MGRS-47RNJ,207,0
MGRS-47RNK,26,498
MGRS-47RNL,0,0
MGRS-47RNM,0,0
MGRS-47RNN,0,0
MGRS-47RNP,86,17
MGRS-47RNQ,0,0
MGRS-47RPH,0,0
MGRS-47RPJ,987,0
MGRS-47RPK,754,0
MGRS-47RPL,614,267
MGRS-47RPM,498,308
MGRS-47RPN,39,0
MGRS-47RPP,169,0
MGRS-47RPQ,0,0
MGRS-47RQH,1087,100
MGRS-47RQJ,723,8
MGRS-47RQK,954,8
MGRS-47RQL,746,0
MGRS-47RQM,874,0
MGRS-47RQN,0,0
MGRS-47RQP,607,0
MGRS-47RQQ,502,0
MGRS-47RRH,879,128
MGRS-47RRJ,623,2
MGRS-47SKA,275,13
MGRS-47SKB,611,1
MGRS-47SKC,142,10
MGRS-47SKD,69,0
MGRS-47SKR,866,7
MGRS-47SKS,762,96
MGRS-47SKT,791,1
MGRS-47SKU,749,0
MGRS-47SKV,17,750
MGRS-47SLA,88,96
MGRS-47SLB,435,9
MGRS-47SLC,0,0
MGRS-47SLD,54,21
MGRS-47SLR,136,16
MGRS-47SLS,221,174
MGRS-47SLT,489,100
MGRS-47SLU,611,28
MGRS-47SLV,373,51
MGRS-47SMA,270,14
MGRS-47SMB,223,98
MGRS-47SMC,297,0
MGRS-47SMD,642,45
MGRS-47SMR,0,0
MGRS-47SMS,0,0
MGRS-47SMT,396,0
MGRS-47SMU,41,13
MGRS-47SMV,252,53
MGRS-47SNA,0,0
MGRS-47SNB,511,33
MGRS-47SNC,0,0
MGRS-47SND,180,12
MGRS-47SNR,517,254
MGRS-47SNS,524,101
MGRS-47SNT,407,10
MGRS-47SNU,465,42
MGRS-47SNV,173,25
MGRS-47SPA,205,89
MGRS-47SPB,772,77
MGRS-47SPC,407,25
MGRS-47SPD,396,2
MGRS-47SPR,749,0
MGRS-47SPS,652,151
MGRS-47SPT,85,498
MGRS-47SPU,602,57
MGRS-47SPV,555,10
MGRS-47SQA,634,20
MGRS-47SQB,727,19
MGRS-47SQC,632,6
MGRS-47SQD,90,2
MGRS-47SQR,718,15
MGRS-47SQS,779,88
MGRS-47SQT,792,15
MGRS-47SQU,566,18
MGRS-47SQV,441,0
MGRS-47TKE,344,3
MGRS-47TKF,456,0
MGRS-47TKG,11,0
MGRS-47TLE,292,14
MGRS-47TLF,29,0
MGRS-47TLG,297,64
MGRS-47TLH,50,8
MGRS-47TME,498,37
MGRS-47TMF,3,0
MGRS-47TMG,62,12
MGRS-47TNE,410,10
MGRS-47TNF,120,15
MGRS-47TNG,529,139
MGRS-47TPF,0,0
MGRS-47TPG,90,14
MGRS-47TPH,0,0
MGRS-47TQG,0,177
MGRS-47TQH,0,22
MGRS-48QTK,85,0
MGRS-48QTL,966,0
MGRS-48QTM,638,0
MGRS-48QUK,57,0
MGRS-48QUL,0,0
MGRS-48QUM,673,0
MGRS-48QVK,0,0
MGRS-48QVL,0,0
MGRS-48QVM,730,0
MGRS-48QWL,0,0
MGRS-48QWM,6,1
MGRS-48QXK,350,0
MGRS-48QXL,0,0
MGRS-48QXM,89,0
MGRS-48QYJ,0,0
MGRS-48QYK,43,0
MGRS-48QYL,0,0
MGRS-48QYM,0,0
MGRS-48QZF,192,0
MGRS-48QZG,224,0
MGRS-48QZJ,0,0
MGRS-48QZK,0,0
MGRS-48QZL,0,0
MGRS-48QZM,696,0
MGRS-48RTN,970,111
MGRS-48RTP,624,30
MGRS-48RTQ,499,498
MGRS-48RTR,224,637
MGRS-48RTS,32,6
MGRS-48RTT,684,0
MGRS-48RTU,723,0
MGRS-48RTV,0,0
MGRS-48RUN,980,0
MGRS-48RUP,0,0
MGRS-48RUQ,839,18
MGRS-48RUR,361,522
MGRS-48RUS,886,67
MGRS-48RUT,745,234
MGRS-48RUU,606,546
MGRS-48RUV,867,31
MGRS-48RVN,380,617
MGRS-48RVP,193,820
MGRS-48RVQ,1089,60
MGRS-48RVR,1016,17
MGRS-48RVS,1211,0
MGRS-48RVT,7,0
MGRS-48RVU,185,33
MGRS-48RVV,516,0
MGRS-48RWN,1030,0
MGRS-48RWP,945,11
MGRS-48RWQ,1121,85
MGRS-48RWR,610,17
MGRS-48RWS,564,48
MGRS-48RWT,372,56
MGRS-48RWU,118,38
MGRS-48RWV,0,0
MGRS-48RXN,0,0
MGRS-48RXP,857,27
MGRS-48RXQ,1189,46
MGRS-48RXR,1,952
MGRS-48RXS,1058,10
MGRS-48RXT,1225,47
MGRS-48RXU,1262,37
MGRS-48RXV,1007,75
MGRS-48RYN,0,0
MGRS-48RYP,242,0
MGRS-48RYQ,513,0
MGRS-48RYR,254,0
MGRS-48RYS,58,876
MGRS-48RYT,900,24
MGRS-48RYU,1122,15
MGRS-48RYV,1264,31
MGRS-48RZN,812,0
MGRS-48RZP,4,506
MGRS-48STA,251,16
MGRS-48STB,406,36
MGRS-48STC,533,9
MGRS-48STD,438,8
MGRS-48STE,214,17
MGRS-48STF,159,20
MGRS-48STG,692,48
MGRS-48STH,50,0
MGRS-48STJ,4,35
MGRS-48SUA,690,2
MGRS-48SUB,548,106
MGRS-48SUC,0,0
MGRS-48SUD,57,24
MGRS-48SUE,805,32
MGRS-48SUF,847,39
MGRS-48SUG,508,46
MGRS-48SUH,92,0
MGRS-48SUJ,0,0
MGRS-48SVA,991,24
MGRS-48SVB,635,175
MGRS-48SVC,372,11
MGRS-48SVD,223,38
MGRS-48SVE,101,54
MGRS-48SVF,1068,40
MGRS-48SVG,8,5
MGRS-48SWA,1201,37
MGRS-48SWB,1091,1
MGRS-48SWC,951,4
MGRS-48SWD,1130,1
MGRS-48SWE,487,13
MGRS-48SWF,260,112
MGRS-48SWG,572,184
MGRS-48SWH,303,26
MGRS-48SWJ,169,23
MGRS-48SXA,638,149
MGRS-48SXB,474,96
MGRS-48SXC,272,59
MGRS-48SXD,226,31
MGRS-48SXE,760,68
MGRS-48SXF,10,1
MGRS-48SXG,647,66
MGRS-48SXH,868,25
MGRS-48SXJ,982,34
MGRS-48SYA,1263,9
MGRS-48SYB,1055,85
MGRS-48SYC,1148,14
MGRS-48SYD,1007,12
MGRS-48SYE,539,151
MGRS-48SYF,358,13
MGRS-48SYG,166,241
MGRS-48SYH,71,4
MGRS-48SYJ,322,0
MGRS-48TTM,0,182
MGRS-48TUL,0,0
MGRS-48TUM,71,8
MGRS-48TVL,0,241
MGRS-48TWK,0,0
MGRS-48TWL,81,4
MGRS-48TXK,440,14
MGRS-48TXL,332,30
MGRS-48TXM,0,0
MGRS-48TXN,0,0
MGRS-48TYK,0,0
MGRS-48TYL,560,1
MGRS-48TYM,121,209
MGRS-48TYN,55,0
MGRS-49QBA,458,0
MGRS-49QBB,501,27
MGRS-49QBD,0,0
MGRS-49QBE,0,0
MGRS-49QBF,0,0
MGRS-49QBG,746,0
MGRS-49QCA,0,0
MGRS-49QCB,1204,41
MGRS-49QCC,280,47
MGRS-49QCD,0,0
MGRS-49QCE,0,0
MGRS-49QCF,0,0
MGRS-49QCG,974,0
MGRS-49QDA,0,0
MGRS-49QDB,14,6
MGRS-49QDC,395,0
MGRS-49QDD,704,0
MGRS-49QDE,0,0
MGRS-49QDF,0,0
MGRS-49QDG,16,0
MGRS-49QEB,23,9
MGRS-49QED,180,0
MGRS-49QEE,557,0
MGRS-49QEF,0,0
MGRS-49QEG,0,0
MGRS-49QFD,15,0
MGRS-49QFE,0,0
MGRS-49QFF,0,0
MGRS-49QFG,0,0
MGRS-49QGE,0,0
MGRS-49QGF,0,0
MGRS-49QGG,0,0
MGRS-49QHE,0,0
MGRS-49QHF,0,0
MGRS-49QHG,0,0
MGRS-49RBH,871,0
MGRS-49RBJ,4,522
MGRS-49RBK,987,0
MGRS-49RBL,1020,0
MGRS-49RBM,810,151
MGRS-49RBN,634,109
MGRS-49RBP,1105,4
MGRS-49RBQ,1185,28
MGRS-49RCH,1215,0
MGRS-49RCJ,930,38
MGRS-49RCK,1011,0
MGRS-49RCL,1187,0
MGRS-49RCM,1070,0
MGRS-49RCN,37,10
MGRS-49RCP,221,24
MGRS-49RCQ,392,0
MGRS-49RDH,9,0
MGRS-49RDJ,417,0
MGRS-49RDK,58,578
MGRS-49RDL,1090,113
MGRS-49RDM,1106,20
MGRS-49RDN,288,0
MGRS-49RDP,58,15
MGRS-49RDQ,782,0
MGRS-49REH,0,0
MGRS-49REJ,0,0
MGRS-49REK,1097,0
MGRS-49REL,1237,0
MGRS-49REM,206,0
MGRS-49REN,487,24
MGRS-49REP,1138,34
MGRS-49REQ,750,223
MGRS-49RFH,0,0
MGRS-49RFJ,0,0
MGRS-49RFK,461,37
MGRS-49RFL,1185,36
MGRS-49RFM,51,7
MGRS-49RFN,1109,50
MGRS-49RFP,1080,9
MGRS-49RFQ,8,0
MGRS-49RGH,0,0
MGRS-49RGJ,18,9
MGRS-49RGK,215,940
MGRS-49RGL,418,555
MGRS-49RGM,1056,68
MGRS-49RGN,788,199
MGRS-49RGP,651,431
MGRS-49RGQ,1211,3
MGRS-49RHH,0,0
MGRS-49RHJ,139,0
MGRS-49SBA,539,14
MGRS-49SBB,265,94
MGRS-49SBC,230,153
MGRS-49SBD,295,3
MGRS-49SBR,1125,12
MGRS-49SBS,1066,140
MGRS-49SBT,28,0
MGRS-49SBU,211,343
MGRS-49SBV,503,31
MGRS-49SCA,0,713
MGRS-49SCB,828,15
MGRS-49SCC,353,595
MGRS-49SCD,738,5
MGRS-49SCR,729,30
MGRS-49SCS,890,154
MGRS-49SCT,396,555
MGRS-49SCU,1205,36
MGRS-49SCV,36,607
MGRS-49SDA,651,3
MGRS-49SDB,956,36
MGRS-49SDC,248,544
MGRS-49SDD,92,16
MGRS-49SDR,861,0
MGRS-49SDS,77,21
MGRS-49SDT,262,21
MGRS-49SDU,588,72
MGRS-49SDV,792,70
MGRS-49SEA,34,3
MGRS-49SEB,221,28
MGRS-49SEC,449,339
MGRS-49SED,813,230
MGRS-49SER,582,34
MGRS-49SES,388,113
MGRS-49SET,156,17
MGRS-49SEU,902,70
MGRS-49SEV,711,91
MGRS-49SFA,539,38
MGRS-49SFB,212,46
MGRS-49SFC,112,37
MGRS-49SFD,1,0
MGRS-49SFR,857,11
MGRS-49SFS,1044,235
MGRS-49SFT,1051,14
MGRS-49SFU,966,52
MGRS-49SFV,938,69
MGRS-49SGA,368,733
MGRS-49SGB,676,26
MGRS-49SGC,979,16
MGRS-49SGD,487,7
MGRS-49SGR,1063,1
MGRS-49SGS,35,5
MGRS-49SGT,1252,34
MGRS-49SGU,1,1
MGRS-49SGV,51,355
MGRS-49TBE,0,0
MGRS-49TBF,605,0
MGRS-49TBG,116,215
MGRS-49TCE,793,77
MGRS-49TCF,556,19
MGRS-49TCG,58,13
MGRS-49TDE,1175,7
MGRS-49TDF,146,21
MGRS-49TDG,257,17
MGRS-49TDH,15,0
MGRS-49TEE,611,31
MGRS-49TEF,302,232
MGRS-49TEG,0,0
MGRS-49TEH,0,0
MGRS-49TEJ,0,0
MGRS-49TFE,132,12
MGRS-49TFF,610,19
MGRS-49TFG,145,158
MGRS-49TFH,393,39
MGRS-49TFJ,498,9
MGRS-49TGE,524,99
MGRS-49TGF,597,0
MGRS-49TGG,405,0
MGRS-49TGJ,93,23
MGRS-49TGK,0,0
MGRS-50QKK,0,0
MGRS-50QKL,0,0
MGRS-50QKM,0,0
MGRS-50QLL,0,0
MGRS-50QLM,0,0
MGRS-50QML,1,1
MGRS-50QMM,39,1019
MGRS-50QNM,514,0
MGRS-50QPM,13,0
MGRS-50RKN,0,0
MGRS-50RKP,151,0
MGRS-50RKQ,0,0
MGRS-50RKR,1182,0
MGRS-50RKS,1125,80
MGRS-50RKT,1120,0
MGRS-50RKU,1130,0
MGRS-50RKV,667,541
MGRS-50RLN,0,0
MGRS-50RLP,0,0
MGRS-50RLQ,797,0
MGRS-50RLR,696,404
MGRS-50RLS,27,1059
MGRS-50RLT,96,924
MGRS-50RLU,0,0
MGRS-50RLV,0,0
MGRS-50RMN,0,0
MGRS-50RMP,0,0
MGRS-50RMQ,0,0
MGRS-50RMR,30,0
MGRS-50RMS,335,0
MGRS-50RMT,224,0
MGRS-50RMU,0,0
MGRS-50RMV,0,0
MGRS-50RNN,0,0
MGRS-50RNP,0,0
MGRS-50RNQ,385,0
MGRS-50RNR,0,0
MGRS-50RNS,1200,0
MGRS-50RNT,0,0
MGRS-50RNU,90,0
MGRS-50RNV,36,957
MGRS-50RPN,879,0
MGRS-50RPP,0,0
MGRS-50RPQ,0,0
MGRS-50RPR,0,0
MGRS-50RPS,0,0
MGRS-50RPT,0,0
MGRS-50RPU,587,35
MGRS-50RPV,346,866
MGRS-50RQN,0,68
MGRS-50RQP,0,0
MGRS-50RQQ,864,0
MGRS-50RQR,0,0
MGRS-50RQS,0,0
MGRS-50RQT,1218,0
MGRS-50RQU,1233,0
MGRS-50RQV,1126,18
MGRS-50SKA,891,6
MGRS-50SKB,571,142
MGRS-50SKC,1252,19
MGRS-50SKD,136,29
MGRS-50SKE,935,108
MGRS-50SKF,23,4
MGRS-50SKG,659,36
MGRS-50SKH,1007,16
MGRS-50SKJ,580,0
MGRS-50SLA,1,0
MGRS-50SLB,133,0
MGRS-50SLC,366,566
MGRS-50SLD,614,80
MGRS-50SLE,1005,200
MGRS-50SLF,831,15
MGRS-50SLG,857,68
MGRS-50SLH,997,5
MGRS-50SLJ,0,0
MGRS-50SMA,979,21
MGRS-50SMB,1173,188
MGRS-50SMC,1236,2
MGRS-50SMD,1237,64
MGRS-50SME,1165,9
MGRS-50SMF,149,31
MGRS-50SMG,425,569
MGRS-50SMH,790,52
MGRS-50SMJ,1133,73
MGRS-50SNA,1082,9
MGRS-50SNB,581,102
MGRS-50SNC,806,16
MGRS-50SND,977,229
MGRS-50SNE,678,119
MGRS-50SNF,454,849
MGRS-50SNG,178,55
MGRS-50SNH,818,0
MGRS-50SNJ,79,25
MGRS-50SPA,163,41
MGRS-50SPB,460,124
MGRS-50SPC,946,58
MGRS-50SPD,36,1059
MGRS-50SPE,1264,37
MGRS-50SPF,1167,29
MGRS-50SPG,865,83
MGRS-50SPH,130,0
MGRS-50SPJ,393,31
MGRS-50SQA,1109,11
MGRS-50SQB,550,265
MGRS-50SQC,997,21
MGRS-50SQD,22,379
MGRS-50SQE,44,5
MGRS-50SQF,1241,37
MGRS-50SQG,461,3
MGRS-50SQJ,10,0
MGRS-50TKK,798,25
MGRS-50TKL,588,1
MGRS-50TKM,394,0
MGRS-50TLK,948,14
MGRS-50TLL,740,20
MGRS-50TLM,257,0
MGRS-50TLN,194,2
MGRS-50TLP,337,3
MGRS-50TLQ,18,0
MGRS-50TMK,1264,65
MGRS-50TML,386,458
MGRS-50TMM,97,450
MGRS-50TMN,692,7
MGRS-50TMP,321,3
MGRS-50TMQ,280,149
MGRS-50TMR,355,6
MGRS-50TNK,378,789
MGRS-50TNL,513,7
MGRS-50TNM,294,123
MGRS-50TNN,359,104
MGRS-50TNP,305,77
MGRS-50TNQ,201,31
MGRS-50TNR,0,65
MGRS-50TPK,1165,21
MGRS-50TPL,313,24
MGRS-50TPM,2,0
MGRS-50TPN,727,14
MGRS-50TPP,749,18
MGRS-50TPQ,427,22
MGRS-50TPR,686,15
MGRS-50TPS,40,0
MGRS-50TPT,207,26
MGRS-50TQK,733,8
MGRS-50TQL,908,4
MGRS-50TQM,664,9
MGRS-50TQN,576,31
MGRS-50TQP,645,0
MGRS-50TQQ,59,0
MGRS-50TQR,5,0
MGRS-50TQS,72,377
MGRS-50TQT,260,33
MGRS-50ULU,79,0
MGRS-50UMU,0,87
MGRS-50UMV,0,36
MGRS-50UNA,118,0
MGRS-50UNU,288,7
MGRS-50UNV,494,1
MGRS-50UPA,67,21
MGRS-50UPB,78,11
MGRS-50UPC,14,0
MGRS-50UPU,379,7
MGRS-50UPV,286,308
MGRS-50UQA,470,0
MGRS-50UQB,495,43
MGRS-50UQC,427,4
MGRS-50UQD,41,0
MGRS-50UQU,306,9
MGRS-50UQV,589,32
MGRS-51RTK,3,57
MGRS-51RTL,229,6
MGRS-51RTM,404,50
MGRS-51RTN,1167,20
MGRS-51RTP,1122,16
MGRS-51RTQ,1062,36
MGRS-51RUL,5,0
MGRS-51RUM,0,0
MGRS-51RUN,613,0
MGRS-51RUP,0,0
MGRS-51RUQ,575,24
MGRS-51RVN,26,0
MGRS-51RVP,55,0
MGRS-51RVQ,63,5
MGRS-51STA,1075,3
MGRS-51STB,594,3
MGRS-51STC,0,0
MGRS-51STR,1185,69
MGRS-51STS,186,626
MGRS-51STT,473,3
MGRS-51STU,14,0
MGRS-51STV,52,174
MGRS-51SUA,298,6
MGRS-51SUB,555,51
MGRS-51SUC,74,0
MGRS-51SUD,669,31
MGRS-51SUR,193,0
MGRS-51SUS,0,0
MGRS-51SVA,0,0
MGRS-51SVB,0,0
MGRS-51SVD,571,17
MGRS-51SWD,17,0
MGRS-51SXD,3,0
MGRS-51TTE,687,1
MGRS-51TTF,920,29
MGRS-51TTG,678,7
MGRS-51TUE,139,16
MGRS-51TUF,194,13
MGRS-51TUG,27,0
MGRS-51TUH,622,14
MGRS-51TUJ,605,0
MGRS-51TUK,569,2
MGRS-51TUL,21,519
MGRS-51TUM,456,254
MGRS-51TUN,6,0
MGRS-51TVE,1006,18
MGRS-51TVF,1171,10
MGRS-51TVG,989,55
MGRS-51TVH,383,40
MGRS-51TVJ,335,21
MGRS-51TVK,4,0
MGRS-51TVL,139,19
MGRS-51TVM,346,9
MGRS-51TVN,262,33
MGRS-51TWE,352,686
MGRS-51TWF,144,820
MGRS-51TWG,40,10
MGRS-51TWH,863,3
MGRS-51TWJ,0,514
MGRS-51TWK,472,15
MGRS-51TWL,702,7
MGRS-51TWM,556,3
MGRS-51TWN,59,5
MGRS-51TXE,453,32
MGRS-51TXF,817,154
MGRS-51TXG,758,15
MGRS-51TXH,309,356
MGRS-51TXJ,792,47
MGRS-51TXK,285,51
MGRS-51TXL,32,5
MGRS-51TXM,279,20
MGRS-51TXN,365,23
MGRS-51TYE,2,0
MGRS-51TYF,3,1
MGRS-51TYG,78,3
MGRS-51TYH,306,34
MGRS-51TYJ,648,41
MGRS-51TYK,872,33
MGRS-51TYL,885,8
MGRS-51TYM,303,142
MGRS-51TYN,659,8
MGRS-51UUP,395,1
MGRS-51UUQ,314,11
MGRS-51UUR,0,0
MGRS-51UUS,641,34
MGRS-51UUT,0,55
MGRS-51UUU,54,0
MGRS-51UVP,517,0
MGRS-51UVQ,304,0
MGRS-51UVR,230,8
MGRS-51UVS,179,137
MGRS-51UVT,427,76
MGRS-51UVU,566,10
MGRS-51UWP,74,182
MGRS-51UWQ,50,20
MGRS-51UWR,346,271
MGRS-51UWS,536,47
MGRS-51UWT,753,4
MGRS-51UWU,5,0
MGRS-51UXP,741,34
MGRS-51UXQ,688,11
MGRS-51UXR,772,58
MGRS-51UXS,0,377
MGRS-51UXT,122,15
MGRS-51UXU,339,40
MGRS-51UYP,21,16
MGRS-51UYQ,252,259
MGRS-51UYR,199,62
MGRS-51UYS,288,66
MGRS-51UYT,191,5
MGRS-51UYU,14,6
MGRS-52TBL,1,1
MGRS-52TBM,80,11
MGRS-52TCL,74,0
MGRS-52TCM,1013,0
MGRS-52TCN,278,28
MGRS-52TCP,0,821
MGRS-52TCQ,41,0
MGRS-52TCR,491,27
MGRS-52TCS,273,188
MGRS-52TCT,703,34
MGRS-52TDL,0,0
MGRS-52TDM,399,6
MGRS-52TDN,472,73
MGRS-52TDP,63,559
MGRS-52TDQ,888,71
MGRS-52TDR,895,4
MGRS-52TDS,349,8
MGRS-52TDT,80,114
MGRS-52TEM,204,2
MGRS-52TEN,877,32
MGRS-52TEP,0,0
MGRS-52TEQ,53,78
MGRS-52TER,172,328
MGRS-52TES,562,297
MGRS-52TET,777,24
MGRS-52TFN,394,0
MGRS-52TFP,622,9
MGRS-52TFQ,544,19
MGRS-52TFR,593,45
MGRS-52TFS,311,438
MGRS-52TFT,14,10
MGRS-52TGR,196,116
MGRS-52TGS,693,16
MGRS-52TGT,693,7
MGRS-52UCA,59,244
MGRS-52UCB,91,0
MGRS-52UCC,153,0
MGRS-52UCD,0,0
MGRS-52UCU,342,193
MGRS-52UCV,0,0
MGRS-52UDA,44,0
MGRS-52UDU,46,246
MGRS-52UDV,308,2
MGRS-52UEU,410,12
MGRS-52UEV,186,0
MGRS-52UFU,100,0
MGRS-52UGU,155,0
MGRS-53TLL,368,0
MGRS-53TLM,572,0
MGRS-53TLN,722,8
MGRS-53TML,9,0
MGRS-53TMM,85,11
MGRS-53TMN,234,7
MGRS-53ULP,127,0
MGRS-53UMP,440,0
